"Category","Ship.Mode","Sales"
"Office Supplies","Standard Class",68.81
"Office Supplies","Standard Class",2.544
"Office Supplies","Standard Class",665.88
"Office Supplies","Standard Class",19.46
"Office Supplies","Standard Class",60.34
"Office Supplies","Second Class",29.472
"Technology","First Class",1097.544
"Furniture","First Class",190.92
"Office Supplies","Standard Class",113.328
"Furniture","Standard Class",532.3992
"Furniture","Standard Class",212.058
"Technology","Standard Class",371.168
"Technology","Standard Class",147.168
"Technology","First Class",45.98
"Office Supplies","First Class",17.46
"Office Supplies","Second Class",211.96
"Office Supplies","Standard Class",38.22
"Office Supplies","Standard Class",75.18
"Furniture","Standard Class",6.16
"Furniture","Standard Class",89.99
"Furniture","Standard Class",213.115
"Office Supplies","Second Class",19.05
"Office Supplies","First Class",1.248
"Furniture","First Class",9.708
"Office Supplies","First Class",27.24
"Furniture","Second Class",19.3
"Office Supplies","First Class",230.376
"Technology","Standard Class",19.99
"Office Supplies","Standard Class",6.16
"Office Supplies","Second Class",158.368
"Office Supplies","Second Class",12.96
"Furniture","Second Class",53.34
"Office Supplies","Second Class",32.96
"Office Supplies","Standard Class",77.88
"Office Supplies","Standard Class",64.624
"Technology","Standard Class",95.976
"Office Supplies","Standard Class",1.788
"Office Supplies","Second Class",23.92
"Technology","Standard Class",339.96
"Office Supplies","Standard Class",75.96
"Office Supplies","Standard Class",27.24
"Furniture","Second Class",600.558
"Furniture","Standard Class",617.7
"Office Supplies","Standard Class",839.43
"Technology","Standard Class",384.45
"Technology","Standard Class",149.97
"Furniture","Standard Class",1951.84
"Office Supplies","Standard Class",171.55
"Office Supplies","Standard Class",14.62
"Technology","Standard Class",944.93
"Office Supplies","Standard Class",9.936
"Technology","Standard Class",8159.952
"Office Supplies","Standard Class",275.928
"Furniture","Standard Class",1740.06
"Office Supplies","Standard Class",32.064
"Office Supplies","Standard Class",177.98
"Technology","Standard Class",143.976
"Office Supplies","Standard Class",52.448
"Office Supplies","Standard Class",20.16
"Office Supplies","Second Class",97.264
"Office Supplies","Second Class",24.816
"Technology","Second Class",408.744
"Office Supplies","Standard Class",37.224
"Office Supplies","Standard Class",20.016
"Office Supplies","Second Class",66.284
"Office Supplies","Standard Class",83.92
"Technology","Standard Class",131.98
"Office Supplies","Standard Class",15.92
"Office Supplies","Standard Class",52.29
"Office Supplies","Standard Class",91.99
"Technology","Second Class",20.8
"Office Supplies","Standard Class",2.2
"Furniture","Standard Class",622.45
"Office Supplies","Standard Class",21.98
"Office Supplies","Second Class",25.92
"Furniture","Second Class",419.68
"Furniture","Second Class",11.688
"Technology","Second Class",31.984
"Furniture","Second Class",177.225
"Furniture","Second Class",4.044
"Office Supplies","Second Class",7.408
"Furniture","Second Class",2001.86
"Office Supplies","Second Class",166.72
"Office Supplies","Second Class",47.88
"Office Supplies","Second Class",1503.25
"Office Supplies","Second Class",25.92
"Furniture","Standard Class",12.132
"Office Supplies","Standard Class",82.368
"Office Supplies","Standard Class",53.92
"Technology","Standard Class",647.904
"Office Supplies","Standard Class",1.624
"Technology","Second Class",3059.982
"Technology","Second Class",2519.958
"Technology","Standard Class",328.224
"Office Supplies","Second Class",2.08
"Technology","Second Class",1114.4
"Furniture","Standard Class",219.075
"Office Supplies","Standard Class",9.84
"Office Supplies","Standard Class",88.8
"Office Supplies","Standard Class",25.92
"Office Supplies","Standard Class",53.424
"Office Supplies","First Class",99.136
"Office Supplies","Standard Class",8.652
"Office Supplies","Standard Class",23.832
"Office Supplies","Standard Class",12.176
"Technology","Second Class",41.9
"Office Supplies","Second Class",12.462
"Office Supplies","Standard Class",70.12
"Office Supplies","Second Class",35.952
"Furniture","Second Class",2396.2656
"Office Supplies","Second Class",131.136
"Technology","Second Class",57.584
"Furniture","Second Class",28.4
"Office Supplies","Second Class",287.92
"Office Supplies","Standard Class",6.672
"Technology","Second Class",1007.979
"Office Supplies","Second Class",313.488
"Office Supplies","Standard Class",31.872
"Furniture","Second Class",12.22
"Office Supplies","Second Class",194.94
"Office Supplies","Second Class",70.95
"Office Supplies","Second Class",91.36
"Furniture","Second Class",242.94
"Office Supplies","Second Class",22.05
"Furniture","Second Class",2.91
"Technology","Standard Class",63.88
"Furniture","Standard Class",747.558
"Office Supplies","Standard Class",8.928
"Furniture","Standard Class",254.744
"Furniture","Standard Class",205.3328
"Office Supplies","Second Class",4.788
"Technology","First Class",2735.952
"Technology","Second Class",7.992
"Technology","Second Class",63.984
"Office Supplies","Second Class",70.368
"Furniture","First Class",126.3
"Technology","First Class",38.04
"Technology","Standard Class",18.392
"Office Supplies","Standard Class",129.568
"Office Supplies","Standard Class",14.112
"Furniture","First Class",210.98
"Office Supplies","Second Class",42.616
"Technology","First Class",468.9
"Technology","Standard Class",58.112
"Technology","Standard Class",100.792
"Furniture","Standard Class",66.112
"Office Supplies","Second Class",250.272
"Office Supplies","Second Class",11.364
"Office Supplies","Second Class",8.72
"Office Supplies","Standard Class",10.824
"Office Supplies","Standard Class",69.712
"Furniture","Standard Class",8.792
"Office Supplies","Standard Class",9.344
"Technology","Standard Class",31.2
"Technology","First Class",369.576
"Office Supplies","First Class",15.712
"Office Supplies","Standard Class",8.69
"Furniture","Standard Class",301.96
"Office Supplies","Standard Class",555.21
"Office Supplies","Standard Class",523.48
"Office Supplies","Standard Class",161.82
"Furniture","Standard Class",18.84
"Technology","Standard Class",132.52
"Office Supplies","Standard Class",209.3
"Furniture","Same Day",701.372
"Office Supplies","Same Day",2.308
"Office Supplies","Standard Class",999.432
"Office Supplies","Standard Class",724.08
"Furniture","Standard Class",918.785
"Office Supplies","Standard Class",2.724
"Office Supplies","Second Class",23.76
"Office Supplies","Second Class",85.056
"Technology","Second Class",381.576
"Furniture","Standard Class",23.976
"Furniture","Standard Class",108.925
"Office Supplies","Standard Class",36.352
"Office Supplies","Standard Class",19.56
"Office Supplies","First Class",61.44
"Office Supplies","First Class",38.9
"Technology","First Class",99.39
"Office Supplies","Standard Class",2.688
"Technology","Standard Class",27.816
"Furniture","Standard Class",82.524
"Office Supplies","Standard Class",182.994
"Furniture","Standard Class",1652.94
"Office Supplies","Standard Class",296.37
"Office Supplies","Standard Class",17.568
"Technology","Standard Class",55.992
"Office Supplies","Standard Class",11.784
"Office Supplies","Standard Class",272.736
"Office Supplies","Standard Class",3.54
"Office Supplies","Standard Class",51.52
"Office Supplies","Standard Class",3.528
"Office Supplies","Standard Class",4.624
"Office Supplies","Standard Class",55.168
"Technology","Second Class",11.992
"Office Supplies","Standard Class",58.05
"Furniture","Standard Class",157.74
"Office Supplies","Standard Class",56.98
"Office Supplies","Standard Class",2.88
"Office Supplies","Standard Class",24.56
"Technology","Standard Class",119.8
"Office Supplies","Standard Class",22.72
"Office Supplies","Standard Class",18.28
"Technology","Standard Class",207
"Office Supplies","Standard Class",32.35
"Office Supplies","Standard Class",7.71
"Office Supplies","Standard Class",40.3
"Furniture","Standard Class",34.58
"Office Supplies","Standard Class",20.16
"Furniture","First Class",28.4
"Technology","First Class",149.97
"Office Supplies","First Class",51.84
"Office Supplies","Standard Class",35
"Office Supplies","Standard Class",37.24
"Office Supplies","Standard Class",15.28
"Office Supplies","Second Class",51.184
"Technology","Standard Class",21.072
"Furniture","First Class",31.4
"Office Supplies","First Class",4.54
"Office Supplies","First Class",15.92
"Technology","First Class",543.92
"Office Supplies","Second Class",15.648
"Office Supplies","Standard Class",103.6
"Office Supplies","First Class",10.44
"Office Supplies","First Class",18.336
"Technology","First Class",323.976
"Technology","Standard Class",1199.8
"Technology","Standard Class",1928.78
"Office Supplies","Standard Class",352.38
"Furniture","First Class",46.94
"Technology","First Class",143.73
"Furniture","Standard Class",99.918
"Furniture","Standard Class",797.944
"Office Supplies","Standard Class",8.568
"Office Supplies","Standard Class",149.352
"Office Supplies","Standard Class",12.992
"Office Supplies","Standard Class",27.168
"Furniture","Standard Class",78.8528
"Technology","First Class",3059.982
"Office Supplies","First Class",34.02
"Office Supplies","Standard Class",7.968
"Office Supplies","Standard Class",27.968
"Technology","Standard Class",336.51
"Office Supplies","Same Day",1.112
"Office Supplies","Standard Class",44.75
"Technology","First Class",95.984
"Furniture","Standard Class",86.62
"Furniture","Standard Class",697.16
"Office Supplies","First Class",8.84
"Office Supplies","First Class",58.464
"Furniture","Standard Class",254.604
"Furniture","Standard Class",107.772
"Office Supplies","Second Class",1.744
"Office Supplies","First Class",40.88
"Office Supplies","Standard Class",19.92
"Furniture","Standard Class",1106.91
"Office Supplies","Same Day",6.48
"Office Supplies","Standard Class",2.694
"Office Supplies","Standard Class",2.934
"Office Supplies","Standard Class",100.704
"Furniture","Standard Class",2.328
"Office Supplies","Standard Class",10.78
"Office Supplies","Standard Class",58.368
"Office Supplies","Standard Class",40.968
"Technology","Standard Class",71.96
"Office Supplies","Standard Class",10.368
"Office Supplies","Standard Class",1.192
"Office Supplies","Standard Class",10.16
"Office Supplies","Standard Class",101.88
"Office Supplies","Second Class",287.52
"Office Supplies","Second Class",37.68
"Office Supplies","Second Class",19.98
"Office Supplies","Second Class",20.58
"Office Supplies","Second Class",17.38
"Office Supplies","Same Day",644.076
"Office Supplies","Same Day",5.84
"Office Supplies","Same Day",12.76
"Technology","Same Day",10.95
"Technology","Same Day",599.98
"Office Supplies","Standard Class",362.94
"Office Supplies","Standard Class",11.54
"Office Supplies","Standard Class",46.8
"Office Supplies","Standard Class",22.38
"Office Supplies","Standard Class",5.176
"Technology","Second Class",258.696
"Technology","Standard Class",431.928
"Furniture","Standard Class",95.984
"Office Supplies","Standard Class",1088.792
"Technology","Standard Class",1099.96
"Technology","First Class",69.9
"Furniture","First Class",41.85
"Office Supplies","Standard Class",102.336
"Office Supplies","Standard Class",48.792
"Office Supplies","Standard Class",44.848
"Office Supplies","Same Day",10.368
"Furniture","Same Day",388.43
"Office Supplies","Same Day",14.352
"Technology","Same Day",63.992
"Office Supplies","Standard Class",86.352
"Technology","First Class",278.4
"Office Supplies","Standard Class",2.772
"Technology","Second Class",114.95
"Technology","Second Class",419.944
"Office Supplies","First Class",17.46
"Office Supplies","Standard Class",1.08
"Office Supplies","Standard Class",7.96
"Office Supplies","Standard Class",93.78
"Office Supplies","Standard Class",47.18
"Office Supplies","Standard Class",19.68
"Office Supplies","Standard Class",53.4
"Office Supplies","Standard Class",35.88
"Furniture","Second Class",258.279
"Office Supplies","Same Day",220.776
"Office Supplies","Same Day",281.424
"Furniture","First Class",1.988
"Furniture","Standard Class",83.952
"Furniture","Standard Class",652.45
"Furniture","Standard Class",66.645
"Office Supplies","Standard Class",23.68
"Technology","First Class",946.344
"Technology","First Class",151.2
"Furniture","First Class",4.928
"Technology","Same Day",263.88
"Furniture","Same Day",2453.43
"Technology","Standard Class",1979.928
"Office Supplies","First Class",164.736
"Furniture","First Class",470.302
"Technology","First Class",47.984
"Office Supplies","Standard Class",15.936
"Technology","First Class",159.984
"Furniture","First Class",1024.716
"Furniture","Standard Class",872.94
"Office Supplies","Standard Class",41.54
"Office Supplies","Standard Class",12.96
"Furniture","Same Day",6.688
"Office Supplies","Standard Class",10.192
"Office Supplies","Standard Class",16.784
"Office Supplies","Standard Class",13.12
"Office Supplies","Standard Class",16.056
"Office Supplies","Standard Class",223.056
"Office Supplies","Standard Class",540.048
"Office Supplies","Same Day",34.5
"Office Supplies","Standard Class",200.064
"Office Supplies","Standard Class",21.38
"Office Supplies","Standard Class",6.744
"Office Supplies","Standard Class",16.52
"Office Supplies","Standard Class",335.52
"Office Supplies","Standard Class",23.912
"Office Supplies","Standard Class",27.056
"Office Supplies","Second Class",9.324
"Office Supplies","First Class",21.56
"Technology","First Class",21.48
"Office Supplies","First Class",8.784
"Technology","First Class",40.68
"Furniture","First Class",763.28
"Office Supplies","Standard Class",23.952
"Office Supplies","Standard Class",33.488
"Office Supplies","Standard Class",8.04
"Furniture","First Class",359.058
"Office Supplies","Second Class",16.896
"Office Supplies","Second Class",6.672
"Office Supplies","Second Class",99.136
"Furniture","Second Class",15.992
"Office Supplies","Standard Class",3.75
"Office Supplies","Standard Class",41.4
"Office Supplies","Standard Class",29.79
"Office Supplies","Standard Class",12.624
"Furniture","First Class",34.79
"Office Supplies","Second Class",41.92
"Technology","Second Class",297.576
"Office Supplies","Second Class",4.344
"Technology","Second Class",94.992
"Office Supplies","Second Class",74.352
"Office Supplies","Second Class",14.04
"Technology","Standard Class",16.68
"Technology","Standard Class",167.968
"Furniture","Standard Class",21.936
"Office Supplies","Standard Class",6.588
"Office Supplies","Standard Class",33.45
"Office Supplies","Standard Class",10.4
"Technology","Second Class",13.616
"Office Supplies","Standard Class",14.304
"Furniture","Second Class",765.625
"Technology","Standard Class",159.984
"Technology","Standard Class",255.968
"Furniture","Standard Class",359.058
"Office Supplies","Standard Class",338.04
"Office Supplies","Standard Class",154.24
"Office Supplies","Standard Class",10.368
"Office Supplies","Standard Class",6.24
"Furniture","Standard Class",206.962
"Office Supplies","Second Class",360.712
"Technology","Second Class",1718.4
"Office Supplies","First Class",41.568
"Technology","Standard Class",46.864
"Office Supplies","Standard Class",6.976
"Office Supplies","Standard Class",12.222
"Office Supplies","Second Class",97.984
"Technology","Second Class",62.4
"Office Supplies","Standard Class",219.84
"Technology","Standard Class",98.16
"Office Supplies","Standard Class",33.04
"Technology","Standard Class",86.97
"Technology","Standard Class",134.97
"Technology","Standard Class",699.98
"Technology","Standard Class",139.95
"Furniture","First Class",2807.84
"Office Supplies","First Class",46.64
"Office Supplies","Standard Class",60.416
"Office Supplies","Standard Class",107.94
"Office Supplies","Second Class",11.168
"Office Supplies","Second Class",53.952
"Technology","First Class",69.93
"Furniture","Standard Class",16.156
"Office Supplies","Standard Class",54.816
"Office Supplies","Standard Class",75.6
"Furniture","Standard Class",29.32
"Office Supplies","Standard Class",92.064
"Office Supplies","Standard Class",6.976
"Furniture","Standard Class",62.958
"Office Supplies","Standard Class",5.184
"Technology","Same Day",1439.92
"Furniture","Same Day",262.11
"Technology","Standard Class",1439.982
"Office Supplies","Standard Class",36.288
"Office Supplies","Second Class",40.096
"Furniture","Second Class",40.784
"Office Supplies","Second Class",34.76
"Technology","Second Class",831.2
"Office Supplies","Second Class",26.4
"Office Supplies","Second Class",106.75
"Office Supplies","Second Class",97.82
"Office Supplies","Second Class",141.4
"Office Supplies","Second Class",127.92
"Office Supplies","Second Class",34.24
"Office Supplies","Same Day",49.632
"Technology","Standard Class",470.376
"Office Supplies","Second Class",6
"Office Supplies","First Class",1793.98
"Technology","First Class",14.78
"Office Supplies","First Class",909.12
"Office Supplies","Second Class",273.896
"Technology","Second Class",597.132
"Technology","Second Class",299.9
"Technology","Second Class",863.64
"Office Supplies","Second Class",47.616
"Office Supplies","First Class",47.36
"Office Supplies","First Class",27.44
"Office Supplies","First Class",3.24
"Technology","Standard Class",95.968
"Office Supplies","Standard Class",10.368
"Office Supplies","Second Class",16.2
"Office Supplies","Second Class",33.99
"Technology","Second Class",296.85
"Technology","Second Class",112.8
"Office Supplies","Second Class",13.71
"Office Supplies","Second Class",24.9
"Office Supplies","Second Class",286.29
"Office Supplies","Second Class",24.18
"Technology","Standard Class",291.96
"Office Supplies","Standard Class",6.408
"Technology","Standard Class",408.744
"Office Supplies","Standard Class",5.104
"Office Supplies","Standard Class",2.896
"Technology","Standard Class",35.016
"Technology","Standard Class",479.96
"Office Supplies","Standard Class",17.22
"Furniture","Standard Class",1024.38
"Office Supplies","Standard Class",26.22
"Office Supplies","Standard Class",17.34
"Office Supplies","Second Class",294.62
"Furniture","Second Class",8.752
"Office Supplies","Standard Class",11.364
"Office Supplies","Standard Class",29.68
"Technology","Standard Class",47.53
"Furniture","First Class",183.372
"Technology","Same Day",159.984
"Office Supplies","Same Day",46.344
"Office Supplies","Standard Class",9.392
"Office Supplies","Standard Class",9.328
"Office Supplies","Standard Class",8.26
"Furniture","Standard Class",269.97
"Office Supplies","Standard Class",15.552
"Furniture","Standard Class",17.31
"Technology","First Class",199.95
"Furniture","First Class",1586.69
"Technology","First Class",84.99
"Furniture","First Class",411.8
"Office Supplies","Standard Class",23.68
"Furniture","Standard Class",479.9
"Office Supplies","Same Day",0.876
"Furniture","Second Class",241.96
"Office Supplies","Second Class",27.72
"Furniture","Standard Class",14.76
"Office Supplies","Standard Class",3.656
"Furniture","Standard Class",233.058
"Technology","Second Class",111.79
"Furniture","Standard Class",22.608
"Office Supplies","First Class",501.81
"Office Supplies","First Class",161.94
"Office Supplies","Standard Class",8.808
"Technology","Standard Class",191.976
"Office Supplies","Standard Class",8.288
"Furniture","Standard Class",139.92
"Office Supplies","Standard Class",15.872
"Office Supplies","Standard Class",6.286
"Furniture","Standard Class",305.312
"Office Supplies","Standard Class",9.264
"Office Supplies","Second Class",61.792
"Office Supplies","Standard Class",70.08
"Furniture","Standard Class",121.3
"Technology","Standard Class",1454.49
"Office Supplies","Standard Class",29.932
"Technology","Standard Class",38.272
"Office Supplies","First Class",167.292
"Office Supplies","Standard Class",2.896
"Technology","Standard Class",124.792
"Furniture","Standard Class",526.45
"Office Supplies","Standard Class",228.92
"Office Supplies","Second Class",190.86
"Office Supplies","Second Class",24.32
"Furniture","Standard Class",44.4
"Technology","Standard Class",23.92
"Office Supplies","Standard Class",60.69
"Office Supplies","Standard Class",12.72
"Office Supplies","Standard Class",11.52
"Furniture","First Class",141.372
"Office Supplies","First Class",27.216
"Office Supplies","Standard Class",14.62
"Office Supplies","Standard Class",416.32
"Office Supplies","Standard Class",43
"Furniture","Standard Class",182.94
"Office Supplies","Standard Class",60.83
"Technology","Standard Class",389.97
"Office Supplies","Standard Class",277.4
"Office Supplies","Standard Class",5.78
"Office Supplies","Second Class",123.552
"Office Supplies","Standard Class",490.32
"Office Supplies","Standard Class",70.08
"Office Supplies","Standard Class",1.272
"Furniture","Standard Class",557.585
"Furniture","Second Class",60.288
"Office Supplies","Second Class",2.632
"Office Supplies","Second Class",23.688
"Furniture","Second Class",253.372
"Office Supplies","Second Class",94.2
"Office Supplies","Second Class",28.4
"Furniture","Standard Class",956.6648
"Furniture","Standard Class",754.45
"Office Supplies","Standard Class",230.376
"Office Supplies","Standard Class",9.664
"Office Supplies","Standard Class",1.344
"Office Supplies","Standard Class",8.272
"Furniture","Standard Class",12.544
"Technology","Standard Class",54.368
"Office Supplies","Standard Class",11.184
"Office Supplies","Standard Class",153.584
"Furniture","Second Class",300.93
"Technology","Second Class",719.96
"Furniture","Standard Class",647.84
"Office Supplies","First Class",12.224
"Office Supplies","First Class",2.304
"Office Supplies","First Class",9.36
"Office Supplies","Same Day",32.784
"Office Supplies","Standard Class",1117.92
"Technology","Standard Class",95.968
"Furniture","Standard Class",47.992
"Office Supplies","Standard Class",604.656
"Office Supplies","Standard Class",20.16
"Office Supplies","Standard Class",29.46
"Office Supplies","Standard Class",868.59
"Office Supplies","Standard Class",12.96
"Technology","Standard Class",5.5
"Office Supplies","Standard Class",121.6
"Office Supplies","Standard Class",42.048
"Technology","Standard Class",25.488
"Office Supplies","Standard Class",6.9
"Office Supplies","Standard Class",9.648
"Office Supplies","Standard Class",7.968
"Furniture","Standard Class",51.712
"Office Supplies","Standard Class",2.912
"Technology","Second Class",1399.944
"Furniture","Standard Class",526.45
"Office Supplies","Standard Class",6.608
"Furniture","Standard Class",14.136
"Furniture","Standard Class",601.47
"Office Supplies","Standard Class",180.96
"Office Supplies","Standard Class",914.97
"Technology","Standard Class",587.97
"Office Supplies","Standard Class",530.34
"Office Supplies","Standard Class",14.94
"Technology","Standard Class",24.672
"Office Supplies","Standard Class",2.52
"Furniture","Standard Class",1218.735
"Office Supplies","Standard Class",5.904
"Office Supplies","Standard Class",15.696
"Furniture","Standard Class",6.096
"Office Supplies","Second Class",25.92
"Office Supplies","Standard Class",14.94
"Office Supplies","First Class",186.048
"Furniture","Second Class",57.69
"Office Supplies","Second Class",42.81
"Office Supplies","Second Class",12.96
"Furniture","Second Class",821.88
"Technology","Second Class",104.85
"Office Supplies","First Class",8.76
"Technology","Same Day",79.512
"Office Supplies","Same Day",28.352
"Office Supplies","Standard Class",14.4
"Technology","Standard Class",619.95
"Office Supplies","Standard Class",89.52
"Technology","Standard Class",350.973
"Technology","Standard Class",164.99
"Office Supplies","First Class",3.98
"Office Supplies","First Class",5.248
"Furniture","Second Class",23.976
"Technology","Standard Class",27.168
"Office Supplies","Standard Class",32.192
"Technology","Standard Class",50.12
"Technology","Standard Class",47.976
"Office Supplies","Standard Class",54.5
"Office Supplies","Standard Class",49.44
"Office Supplies","Standard Class",22
"Technology","Standard Class",257.98
"Furniture","Standard Class",58.36
"Office Supplies","Standard Class",16.464
"Furniture","Standard Class",39.96
"Office Supplies","First Class",25.96
"Office Supplies","First Class",36.27
"Office Supplies","First Class",6.48
"Furniture","Standard Class",47.516
"Office Supplies","Second Class",179.82
"Furniture","Second Class",185.58
"Furniture","Second Class",214.11
"Technology","Second Class",999.96
"Furniture","Second Class",653.55
"Office Supplies","First Class",8.928
"Office Supplies","First Class",47.584
"Office Supplies","Standard Class",33.792
"Furniture","Standard Class",300.5328
"Office Supplies","Standard Class",2.724
"Office Supplies","Standard Class",3.264
"Office Supplies","Standard Class",143.728
"Furniture","Standard Class",845.488
"Office Supplies","Standard Class",762.594
"Office Supplies","Standard Class",28.16
"Office Supplies","Standard Class",20.23
"Office Supplies","Standard Class",8.85
"Furniture","Standard Class",408.422
"Office Supplies","Standard Class",23.12
"Office Supplies","Standard Class",37.464
"Furniture","Standard Class",539.658
"Office Supplies","Standard Class",8.56
"Office Supplies","Standard Class",52.4
"Office Supplies","Standard Class",14.94
"Technology","Second Class",135.72
"Office Supplies","Second Class",12.56
"Technology","Second Class",263.96
"Office Supplies","First Class",5.952
"Office Supplies","Second Class",3.882
"Office Supplies","Standard Class",6.08
"Office Supplies","Standard Class",8.64
"Furniture","Standard Class",19.76
"Furniture","Standard Class",90.99
"Furniture","Standard Class",1526.56
"Furniture","Standard Class",368.97
"Furniture","Standard Class",32.952
"Office Supplies","Standard Class",30.016
"Office Supplies","Standard Class",10.8
"Furniture","Standard Class",244.006
"Office Supplies","Standard Class",15.936
"Office Supplies","Standard Class",895.92
"Office Supplies","Standard Class",19
"Office Supplies","Standard Class",91.68
"Office Supplies","Standard Class",727.296
"Furniture","Standard Class",22.608
"Technology","Standard Class",666.4
"Furniture","Standard Class",327.7328
"Furniture","Standard Class",194.32
"Office Supplies","Standard Class",25.99
"Office Supplies","Second Class",13.9
"Office Supplies","Second Class",26.38
"Technology","Second Class",517.9
"Office Supplies","Second Class",5.28
"Technology","Standard Class",2799.96
"Office Supplies","Standard Class",26.88
"Office Supplies","Standard Class",342.864
"Furniture","Standard Class",16.74
"Furniture","Standard Class",981.372
"Office Supplies","Standard Class",252.784
"Technology","Standard Class",127.984
"Furniture","Standard Class",3.984
"Office Supplies","Standard Class",12.992
"Office Supplies","Same Day",31.68
"Office Supplies","Same Day",10.368
"Office Supplies","Same Day",12.032
"Office Supplies","Same Day",5.768
"Office Supplies","Standard Class",33.12
"Furniture","Standard Class",220.2656
"Office Supplies","Standard Class",15.712
"Office Supplies","Standard Class",298.464
"Office Supplies","Standard Class",21.93
"Office Supplies","Standard Class",242.94
"Office Supplies","Standard Class",7.64
"Office Supplies","Standard Class",51.84
"Office Supplies","Standard Class",265.17
"Office Supplies","Standard Class",30.56
"Office Supplies","Standard Class",77.952
"Technology","Standard Class",67.992
"Office Supplies","Standard Class",12.224
"Technology","Standard Class",44.784
"Furniture","Standard Class",22.848
"Office Supplies","Same Day",210.392
"Furniture","Standard Class",347.802
"Office Supplies","Standard Class",735.98
"Office Supplies","Second Class",5.18
"Furniture","First Class",67
"Office Supplies","Standard Class",3.168
"Furniture","Standard Class",528.43
"Office Supplies","Standard Class",13.392
"Office Supplies","Standard Class",181.86
"Office Supplies","First Class",26.046
"Office Supplies","First Class",74.352
"Office Supplies","Standard Class",12.672
"Office Supplies","Standard Class",6.37
"Office Supplies","First Class",3.648
"Office Supplies","First Class",31.104
"Office Supplies","Standard Class",13.392
"Office Supplies","Standard Class",11.228
"Office Supplies","Standard Class",207.24
"Office Supplies","Standard Class",26.046
"Office Supplies","Standard Class",2.896
"Office Supplies","Standard Class",32.544
"Furniture","Standard Class",318.43
"Technology","Standard Class",122.92
"Furniture","Standard Class",7.068
"Office Supplies","Second Class",13.468
"Technology","Standard Class",219.8
"Furniture","Standard Class",317.058
"Office Supplies","Standard Class",24.85
"Office Supplies","Second Class",7.056
"Technology","Second Class",27.184
"Office Supplies","Standard Class",3.136
"Office Supplies","First Class",20.736
"Technology","Standard Class",2.97
"Office Supplies","Standard Class",6.54
"Office Supplies","Standard Class",18.24
"Office Supplies","Standard Class",27.78
"Office Supplies","Standard Class",6.56
"Office Supplies","Standard Class",13.11
"Office Supplies","Standard Class",11.68
"Office Supplies","First Class",30.96
"Office Supplies","Second Class",12.984
"Technology","Second Class",217.584
"Technology","Second Class",328.776
"Office Supplies","Second Class",2.286
"Technology","Second Class",47.984
"Furniture","Second Class",341.96
"Office Supplies","Standard Class",896.99
"Office Supplies","Standard Class",1.234
"Office Supplies","Standard Class",67.56
"Office Supplies","Standard Class",21.72
"Office Supplies","Standard Class",262.336
"Technology","Standard Class",148.48
"Technology","Standard Class",241.176
"Technology","Standard Class",227.976
"Technology","Standard Class",52.68
"Furniture","Standard Class",2.032
"Office Supplies","First Class",16.03
"Office Supplies","Standard Class",73.008
"Office Supplies","Standard Class",3.208
"Technology","Standard Class",26.176
"Furniture","Second Class",9.552
"Office Supplies","Standard Class",10.368
"Office Supplies","Standard Class",14.352
"Technology","Same Day",1287.45
"Office Supplies","First Class",111.672
"Office Supplies","Standard Class",13.776
"Office Supplies","Standard Class",10.272
"Office Supplies","Second Class",6.848
"Office Supplies","First Class",6.928
"Office Supplies","Standard Class",443.92
"Office Supplies","Standard Class",169.99
"Office Supplies","Standard Class",25.92
"Furniture","First Class",22.288
"Furniture","Standard Class",65.424
"Office Supplies","Same Day",1.81
"Office Supplies","Same Day",8.26
"Office Supplies","Standard Class",15.24
"Furniture","Standard Class",1408.1
"Office Supplies","First Class",15.08
"Furniture","First Class",24.288
"Furniture","Same Day",16.192
"Furniture","Same Day",251.006
"Office Supplies","Same Day",54.192
"Technology","Second Class",492.768
"Furniture","Standard Class",180.98
"Technology","Standard Class",99.98
"Technology","First Class",34.95
"Office Supplies","First Class",152
"Furniture","Standard Class",408.422
"Furniture","Standard Class",382.116
"Office Supplies","Standard Class",68.6
"Office Supplies","Standard Class",435.504
"Office Supplies","Standard Class",11.168
"Technology","Standard Class",72
"Technology","Standard Class",655.9
"Furniture","Standard Class",603.92
"Office Supplies","Same Day",10.368
"Technology","Same Day",95.736
"Technology","Standard Class",201.584
"Office Supplies","Standard Class",3.392
"Furniture","Standard Class",193.0656
"Office Supplies","Standard Class",15.552
"Office Supplies","Standard Class",11.648
"Technology","Standard Class",418.8
"Office Supplies","Standard Class",509.488
"Furniture","First Class",825.174
"Office Supplies","First Class",17.76
"Office Supplies","First Class",6.912
"Furniture","First Class",796.425
"Office Supplies","Second Class",40.46
"Technology","Second Class",404.94
"Technology","Standard Class",657.552
"Office Supplies","Standard Class",21.4
"Office Supplies","Second Class",28.672
"Office Supplies","Second Class",29.312
"Office Supplies","Second Class",45.528
"Furniture","Second Class",844.116
"Technology","Second Class",812.736
"Office Supplies","Standard Class",1577.94
"Furniture","Second Class",15.008
"Office Supplies","Standard Class",5.184
"Office Supplies","Standard Class",104.85
"Office Supplies","Standard Class",3.9
"Furniture","Standard Class",801.96
"Furniture","Standard Class",191.96
"Office Supplies","Standard Class",2.61
"Office Supplies","Second Class",2.92
"Technology","Second Class",58.416
"Furniture","First Class",718.116
"Office Supplies","First Class",31.776
"Technology","Second Class",104.88
"Office Supplies","Second Class",34.7
"Office Supplies","Second Class",33.72
"Office Supplies","Second Class",14.94
"Office Supplies","Standard Class",638.73
"Technology","Second Class",377.97
"Office Supplies","Standard Class",23.832
"Furniture","Standard Class",6.368
"Office Supplies","Standard Class",34.176
"Technology","Standard Class",5.544
"Office Supplies","Standard Class",23.55
"Office Supplies","Standard Class",33.4
"Office Supplies","Standard Class",35.712
"Office Supplies","First Class",7.056
"Technology","Standard Class",10.9
"Technology","Standard Class",59.98
"Office Supplies","Standard Class",61.929
"Office Supplies","First Class",42.784
"Furniture","First Class",563.43
"Furniture","Second Class",241.96
"Office Supplies","Second Class",8.52
"Office Supplies","Standard Class",1.788
"Furniture","Standard Class",99.372
"Office Supplies","Standard Class",1.344
"Technology","Second Class",119.96
"Technology","Standard Class",273.96
"Office Supplies","Standard Class",3.912
"Office Supplies","Standard Class",62.376
"Office Supplies","Standard Class",29.05
"Office Supplies","Same Day",25.06
"Office Supplies","Standard Class",19.824
"Office Supplies","Standard Class",107.44
"Furniture","Standard Class",1458.65
"Furniture","Standard Class",26.64
"Furniture","Standard Class",476.8
"Office Supplies","Standard Class",87.444
"Office Supplies","Second Class",501.81
"Office Supplies","Standard Class",85.96
"Office Supplies","First Class",33.568
"Office Supplies","Second Class",3.564
"Technology","Second Class",823.96
"Office Supplies","Second Class",10.272
"Furniture","Standard Class",480.96
"Technology","Standard Class",124.792
"Furniture","Standard Class",151.96
"Technology","Second Class",155.34
"Office Supplies","First Class",49.632
"Office Supplies","First Class",52.096
"Office Supplies","Standard Class",12.128
"Technology","Second Class",134.85
"Technology","Standard Class",279.944
"Office Supplies","Standard Class",9.98
"Office Supplies","Standard Class",3.552
"Office Supplies","Standard Class",15.552
"Office Supplies","Standard Class",2.368
"Office Supplies","Standard Class",10.368
"Technology","First Class",470.376
"Technology","Second Class",359.976
"Office Supplies","Standard Class",25.344
"Office Supplies","Standard Class",26.72
"Furniture","First Class",241.332
"Office Supplies","First Class",5.184
"Office Supplies","First Class",145.544
"Office Supplies","Standard Class",28.752
"Office Supplies","Standard Class",27.216
"Furniture","Standard Class",197.372
"Furniture","Same Day",1424.9
"Office Supplies","Standard Class",6.368
"Office Supplies","Standard Class",48.848
"Office Supplies","Standard Class",19.648
"Furniture","Standard Class",255.108
"Furniture","Standard Class",5.47
"Office Supplies","Standard Class",79.36
"Office Supplies","Standard Class",38.28
"Technology","Standard Class",149.95
"Office Supplies","Standard Class",5.728
"Office Supplies","Standard Class",42.24
"Office Supplies","Second Class",79.36
"Furniture","Standard Class",512.94
"Furniture","Standard Class",860.93
"Technology","Standard Class",769.95
"Office Supplies","Standard Class",14.98
"Furniture","Standard Class",373.08
"Furniture","Standard Class",637.896
"Technology","Standard Class",287.91
"Office Supplies","Standard Class",36.6
"Office Supplies","Standard Class",17.12
"Office Supplies","First Class",29.664
"Office Supplies","First Class",9.184
"Technology","First Class",153.584
"Office Supplies","First Class",12.864
"Office Supplies","Standard Class",24.816
"Office Supplies","Standard Class",9.156
"Office Supplies","Standard Class",23.992
"Office Supplies","Standard Class",646.2
"Technology","Standard Class",68.112
"Office Supplies","First Class",13.14
"Office Supplies","First Class",10.024
"Furniture","First Class",156.3728
"Technology","Second Class",999.98
"Technology","First Class",821.94
"Office Supplies","Second Class",7.04
"Office Supplies","Second Class",5.04
"Office Supplies","Second Class",116.28
"Office Supplies","Standard Class",182.994
"Office Supplies","Standard Class",10.272
"Office Supplies","Standard Class",32.4
"Office Supplies","Standard Class",404.9
"Office Supplies","Standard Class",9449.95
"Office Supplies","Standard Class",12.94
"Office Supplies","Standard Class",2.264
"Office Supplies","Standard Class",0.444
"Office Supplies","Standard Class",146.176
"Furniture","Same Day",15.92
"Office Supplies","Standard Class",4.312
"Technology","Standard Class",73.98
"Furniture","Standard Class",160.98
"Office Supplies","Standard Class",17.34
"Office Supplies","Standard Class",3.28
"Office Supplies","Standard Class",8.856
"Technology","Standard Class",158.376
"Office Supplies","Standard Class",14.48
"Office Supplies","First Class",6.924
"Office Supplies","Standard Class",18.9
"Office Supplies","Standard Class",57.42
"Office Supplies","Standard Class",9.762
"Office Supplies","Standard Class",13.72
"Technology","Standard Class",55.2
"Office Supplies","Standard Class",259.136
"Office Supplies","Standard Class",15.696
"Office Supplies","Standard Class",4.24
"Office Supplies","Standard Class",6.874
"Office Supplies","Standard Class",1.996
"Office Supplies","Standard Class",8.928
"Office Supplies","Second Class",9.99
"Office Supplies","Same Day",21.12
"Office Supplies","Standard Class",15.984
"Office Supplies","Standard Class",128.4
"Office Supplies","First Class",1.964
"Furniture","Standard Class",94.428
"Office Supplies","Standard Class",45.92
"Office Supplies","First Class",22.48
"Furniture","Standard Class",332.028
"Office Supplies","Standard Class",11.394
"Office Supplies","Standard Class",15.552
"Office Supplies","Standard Class",31.104
"Office Supplies","Standard Class",6.316
"Office Supplies","Standard Class",11.416
"Office Supplies","Standard Class",209.7
"Office Supplies","First Class",63.312
"Office Supplies","First Class",96.784
"Furniture","First Class",10.476
"Technology","Standard Class",63.96
"Furniture","Standard Class",863.128
"Office Supplies","Standard Class",3.564
"Furniture","Standard Class",956.6648
"Office Supplies","Standard Class",12.588
"Technology","Standard Class",171.96
"Office Supplies","Standard Class",48.632
"Office Supplies","First Class",3.69
"Office Supplies","First Class",1103.97
"Furniture","Second Class",246.1328
"Office Supplies","Second Class",11.696
"Technology","Second Class",439.992
"Office Supplies","Standard Class",33.28
"Office Supplies","Standard Class",14.088
"Office Supplies","Same Day",59.752
"Office Supplies","Same Day",16.28
"Office Supplies","Same Day",10.368
"Furniture","Same Day",77.72
"Furniture","Same Day",520.464
"Office Supplies","Second Class",131.94
"Office Supplies","Second Class",25.92
"Office Supplies","Second Class",704.76
"Office Supplies","Second Class",7.41
"Office Supplies","Second Class",21.5
"Office Supplies","Second Class",10.528
"Office Supplies","Second Class",20.544
"Office Supplies","Standard Class",104.9
"Office Supplies","Standard Class",39.68
"Office Supplies","Standard Class",51.75
"Office Supplies","Second Class",11.68
"Technology","Second Class",159.75
"Office Supplies","Standard Class",2.88
"Furniture","Standard Class",384.944
"Technology","Standard Class",153.584
"Furniture","Standard Class",913.43
"Office Supplies","Standard Class",70.368
"Technology","Standard Class",59.96
"Office Supplies","Standard Class",9.08
"Office Supplies","Standard Class",314.55
"Office Supplies","Standard Class",4.91
"Office Supplies","Second Class",478.24
"Office Supplies","Second Class",40.92
"Furniture","Standard Class",1805.88
"Office Supplies","Standard Class",2.182
"Office Supplies","Standard Class",27.384
"Office Supplies","Standard Class",26.406
"Office Supplies","Standard Class",10.368
"Office Supplies","Standard Class",23.68
"Technology","Standard Class",109.95
"Office Supplies","Standard Class",965.85
"Office Supplies","Standard Class",29.2
"Office Supplies","Standard Class",32.4
"Office Supplies","Standard Class",78.35
"Office Supplies","Standard Class",31.68
"Office Supplies","Standard Class",29.12
"Office Supplies","Standard Class",169.45
"Office Supplies","Same Day",333.09
"Furniture","Same Day",248.98
"Office Supplies","Standard Class",16.27
"Office Supplies","Standard Class",69.12
"Office Supplies","Standard Class",4.47
"Office Supplies","Standard Class",25.92
"Office Supplies","Standard Class",21.312
"Furniture","Standard Class",37.3
"Office Supplies","Standard Class",81.96
"Office Supplies","First Class",10.784
"Office Supplies","Standard Class",36.44
"Technology","Standard Class",62.31
"Furniture","Standard Class",20.32
"Office Supplies","Standard Class",2.296
"Office Supplies","Standard Class",5.936
"Office Supplies","First Class",325.86
"Furniture","Second Class",383.607
"Technology","Second Class",148.48
"Technology","Second Class",537.544
"Office Supplies","Second Class",1.928
"Office Supplies","Second Class",6.912
"Furniture","Second Class",7.76
"Technology","Second Class",659.168
"Office Supplies","Second Class",56.82
"Office Supplies","Standard Class",49.568
"Furniture","First Class",127.869
"Office Supplies","Standard Class",10.476
"Office Supplies","Second Class",21.24
"Office Supplies","Second Class",127.96
"Technology","Standard Class",657.93
"Furniture","Standard Class",33.48
"Office Supplies","Standard Class",13.9
"Office Supplies","Standard Class",26.86
"Office Supplies","Standard Class",21.81
"Office Supplies","Standard Class",91.6
"Office Supplies","Standard Class",62.79
"Office Supplies","Standard Class",28.44
"Technology","Second Class",134.376
"Furniture","Same Day",17.14
"Office Supplies","Standard Class",45.248
"Office Supplies","Standard Class",11.06
"Furniture","Standard Class",623.4648
"Office Supplies","Standard Class",772.68
"Office Supplies","Standard Class",283.14
"Technology","Standard Class",635.96
"Technology","Standard Class",118.99
"Furniture","Standard Class",272.94
"Technology","Standard Class",440.91
"Office Supplies","Same Day",29.52
"Furniture","Same Day",302.94
"Furniture","Same Day",142.36
"Furniture","Same Day",546.66
"Furniture","Same Day",212.13
"Office Supplies","Standard Class",5.248
"Office Supplies","Standard Class",74.416
"Office Supplies","Standard Class",6.848
"Furniture","Standard Class",7.996
"Office Supplies","Standard Class",8.712
"Office Supplies","Standard Class",36.288
"Furniture","Standard Class",56.568
"Furniture","Second Class",268.935
"Technology","Second Class",15.576
"Office Supplies","Same Day",7.9
"Office Supplies","Same Day",221.16
"Office Supplies","Same Day",127.96
"Office Supplies","Same Day",18.69
"Technology","Standard Class",22.368
"Office Supplies","Standard Class",43.372
"Technology","First Class",113.52
"Technology","First Class",359.88
"Furniture","Standard Class",6.464
"Office Supplies","Standard Class",11.52
"Technology","Standard Class",222.384
"Furniture","Standard Class",683.144
"Office Supplies","Standard Class",1.476
"Office Supplies","Standard Class",40.712
"Office Supplies","Standard Class",279.9
"Office Supplies","First Class",195.64
"Technology","First Class",239.9
"Office Supplies","Standard Class",463.248
"Technology","Standard Class",383.952
"Office Supplies","Standard Class",245.88
"Office Supplies","Standard Class",36.63
"Office Supplies","Standard Class",22.58
"Office Supplies","Standard Class",12.39
"Office Supplies","Standard Class",10.192
"Technology","Second Class",758.352
"Office Supplies","Standard Class",1.824
"Office Supplies","Standard Class",18.32
"Office Supplies","Standard Class",48.816
"Office Supplies","Standard Class",1.188
"Office Supplies","Standard Class",114.2
"Furniture","Second Class",674.058
"Office Supplies","Second Class",67.144
"Furniture","Second Class",254.058
"Office Supplies","Standard Class",2.296
"Furniture","Standard Class",91.275
"Office Supplies","Standard Class",375.34
"Office Supplies","Standard Class",12.96
"Office Supplies","Standard Class",2.512
"Office Supplies","Standard Class",18.864
"Office Supplies","Second Class",20.568
"Office Supplies","Second Class",4.356
"Technology","Second Class",19.04
"Office Supplies","Standard Class",1889.99
"Office Supplies","Second Class",714.3
"Office Supplies","Standard Class",33.48
"Technology","Standard Class",461.97
"Office Supplies","Standard Class",137.62
"Furniture","Standard Class",302.67
"Technology","Second Class",239.976
"Furniture","Second Class",687.4
"Technology","Second Class",239.96
"Office Supplies","Standard Class",8.134
"Technology","Standard Class",79.984
"Technology","Second Class",398.4
"Office Supplies","Second Class",7.056
"Furniture","Second Class",1352.3976
"Office Supplies","Standard Class",43.98
"Technology","Standard Class",377.97
"Furniture","Standard Class",123.96
"Technology","Standard Class",549.99
"Office Supplies","Standard Class",167.535
"Office Supplies","Standard Class",38.34
"Furniture","Standard Class",53.88
"Technology","Standard Class",299.98
"Furniture","Second Class",744.1
"Office Supplies","Second Class",44.84
"Furniture","Second Class",401.59
"Office Supplies","Standard Class",18.24
"Office Supplies","Standard Class",5.792
"Office Supplies","Standard Class",14.016
"Furniture","Standard Class",214.95
"Technology","Standard Class",35.04
"Furniture","Standard Class",10.776
"Office Supplies","Standard Class",4.6
"Office Supplies","Standard Class",35.168
"Office Supplies","Same Day",4.448
"Office Supplies","Same Day",5.184
"Office Supplies","Same Day",15.552
"Furniture","Same Day",17.496
"Office Supplies","Second Class",15.552
"Furniture","Standard Class",30.36
"Office Supplies","First Class",28.4
"Furniture","First Class",212.94
"Technology","Second Class",1001.584
"Furniture","Second Class",569.058
"Furniture","Second Class",14.224
"Furniture","Second Class",301.96
"Office Supplies","Standard Class",3.9
"Office Supplies","Standard Class",12.84
"Office Supplies","Standard Class",15.84
"Furniture","Standard Class",563.94
"Office Supplies","Standard Class",62.94
"Office Supplies","Standard Class",535.41
"Furniture","Second Class",3504.9
"Office Supplies","Second Class",144.12
"Office Supplies","Second Class",314.55
"Office Supplies","Standard Class",2.072
"Furniture","Standard Class",328.3992
"Technology","Standard Class",199.96
"Furniture","Standard Class",1516.2
"Technology","Standard Class",167.952
"Office Supplies","Standard Class",45.04
"Office Supplies","Standard Class",3930.072
"Office Supplies","Standard Class",2.304
"Technology","Standard Class",431.976
"Technology","Standard Class",41.72
"Office Supplies","Standard Class",17.48
"Furniture","Same Day",498.26
"Furniture","Standard Class",212.94
"Office Supplies","Second Class",706.86
"Technology","Second Class",114.95
"Office Supplies","Second Class",43.19
"Office Supplies","First Class",54.96
"Office Supplies","Standard Class",3.318
"Office Supplies","Standard Class",20.768
"Office Supplies","Standard Class",10.56
"Technology","First Class",196.776
"Office Supplies","First Class",2.92
"Furniture","First Class",200.795
"Technology","First Class",46.688
"Office Supplies","First Class",21.864
"Furniture","Standard Class",340.116
"Technology","Standard Class",13.48
"Office Supplies","Standard Class",85.52
"Furniture","Standard Class",6.16
"Office Supplies","Standard Class",36.84
"Office Supplies","Standard Class",17.904
"Furniture","Standard Class",966.7
"Office Supplies","Standard Class",182.112
"Office Supplies","Standard Class",50.4
"Office Supplies","Standard Class",89.568
"Furniture","Standard Class",37.296
"Furniture","First Class",8.544
"Furniture","First Class",191.058
"Office Supplies","First Class",13.04
"Office Supplies","First Class",1525.188
"Office Supplies","Second Class",15.96
"Technology","Standard Class",31.92
"Office Supplies","Standard Class",1.632
"Technology","Standard Class",267.96
"Office Supplies","Standard Class",32.34
"Office Supplies","Standard Class",39.9
"Office Supplies","Standard Class",143.856
"Office Supplies","Standard Class",41.92
"Technology","Standard Class",329.584
"Office Supplies","First Class",720.76
"Furniture","Standard Class",70.56
"Office Supplies","Standard Class",81.96
"Technology","Standard Class",151.192
"Furniture","Standard Class",273.96
"Furniture","Standard Class",306.9
"Office Supplies","Standard Class",15.552
"Furniture","Standard Class",347.361
"Office Supplies","Standard Class",10.368
"Office Supplies","Second Class",25.92
"Office Supplies","Second Class",15.808
"Office Supplies","Second Class",10.368
"Technology","First Class",224.75
"Office Supplies","Standard Class",73.176
"Office Supplies","Standard Class",20.736
"Technology","Standard Class",39.984
"Office Supplies","Second Class",15.36
"Office Supplies","First Class",36.288
"Technology","First Class",150.384
"Office Supplies","Standard Class",20.936
"Office Supplies","Standard Class",357.93
"Technology","Standard Class",57.4
"Office Supplies","Standard Class",331.96
"Furniture","Standard Class",40.56
"Office Supplies","Standard Class",38.016
"Office Supplies","Second Class",16.176
"Office Supplies","Same Day",750.68
"Office Supplies","First Class",44.4
"Office Supplies","First Class",84.55
"Office Supplies","First Class",17.94
"Office Supplies","Standard Class",3.592
"Office Supplies","First Class",18.16
"Office Supplies","Standard Class",56.704
"Technology","Standard Class",11.12
"Office Supplies","Standard Class",115.296
"Technology","Standard Class",2479.96
"Office Supplies","Standard Class",17.43
"Furniture","Standard Class",181.986
"Office Supplies","Standard Class",1.592
"Office Supplies","Standard Class",22.344
"Office Supplies","Standard Class",2.672
"Office Supplies","Standard Class",16.656
"Technology","Standard Class",79.512
"Office Supplies","Standard Class",36.288
"Furniture","Standard Class",67.9932
"Office Supplies","Same Day",19.456
"Technology","Same Day",209.986
"Office Supplies","Same Day",29.76
"Furniture","Same Day",89.768
"Technology","Same Day",959.984
"Office Supplies","Same Day",15.552
"Technology","Same Day",34.36
"Office Supplies","Second Class",14.16
"Office Supplies","Second Class",79.92
"Technology","Standard Class",499.95
"Office Supplies","Standard Class",3.04
"Furniture","Standard Class",201.96
"Furniture","Standard Class",68.64
"Office Supplies","First Class",152.8
"Furniture","Standard Class",60.84
"Office Supplies","Standard Class",15.84
"Office Supplies","Standard Class",8.448
"Furniture","Standard Class",38.976
"Office Supplies","Standard Class",20.44
"Office Supplies","Standard Class",109.92
"Office Supplies","Standard Class",6.38
"Office Supplies","Standard Class",6.48
"Furniture","Standard Class",275.058
"Office Supplies","Standard Class",27.396
"Office Supplies","Standard Class",13.456
"Office Supplies","Same Day",11.84
"Technology","Same Day",36.792
"Technology","Second Class",619.95
"Technology","Second Class",29.16
"Office Supplies","Second Class",57.96
"Office Supplies","Second Class",29.403
"Office Supplies","Second Class",81.4
"Office Supplies","Standard Class",331.536
"Technology","Standard Class",946.344
"Technology","Standard Class",178.11
"Office Supplies","Standard Class",1089.75
"Office Supplies","Standard Class",61.06
"Furniture","Standard Class",459.92
"Office Supplies","Standard Class",27.52
"Furniture","Standard Class",355.455
"Office Supplies","Standard Class",3.16
"Technology","Standard Class",1999.96
"Office Supplies","Standard Class",60.144
"Technology","Second Class",85.2
"Technology","Standard Class",599.99
"Office Supplies","Standard Class",23.968
"Furniture","Second Class",421.372
"Technology","First Class",575.968
"Office Supplies","First Class",10.368
"Office Supplies","Standard Class",61.792
"Furniture","Standard Class",205.9992
"Furniture","Standard Class",581.96
"Furniture","Standard Class",29.98
"Office Supplies","Standard Class",715.64
"Office Supplies","Standard Class",795.51
"Technology","Standard Class",549.99
"Office Supplies","Standard Class",74.76
"Furniture","Standard Class",29.22
"Office Supplies","Standard Class",33.488
"Office Supplies","Standard Class",23.04
"Office Supplies","Standard Class",1.362
"Furniture","Standard Class",14.76
"Furniture","Standard Class",127.95
"Office Supplies","Standard Class",38.432
"Office Supplies","Standard Class",21.568
"Technology","Standard Class",81.576
"Furniture","Standard Class",71.12
"Technology","Standard Class",259.96
"Technology","Standard Class",95.992
"Office Supplies","Standard Class",13.216
"Office Supplies","Second Class",25.9
"Office Supplies","Standard Class",20.736
"Office Supplies","Standard Class",360.38
"Office Supplies","Standard Class",13.56
"Furniture","Standard Class",429.9
"Office Supplies","Standard Class",32.06
"Furniture","Standard Class",161.96
"Office Supplies","Standard Class",19.86
"Office Supplies","Standard Class",7.08
"Office Supplies","Standard Class",19.568
"Office Supplies","Standard Class",310.392
"Furniture","Standard Class",692.94
"Office Supplies","First Class",173.488
"Office Supplies","Standard Class",57.75
"Office Supplies","Standard Class",272.4
"Office Supplies","First Class",2.068
"Office Supplies","First Class",83.84
"Office Supplies","Standard Class",152.688
"Office Supplies","Standard Class",3.488
"Office Supplies","Standard Class",5.888
"Office Supplies","First Class",151.056
"Furniture","Same Day",25.16
"Office Supplies","Standard Class",6.216
"Office Supplies","Standard Class",23.616
"Technology","Standard Class",24.032
"Office Supplies","Standard Class",2.088
"Office Supplies","Standard Class",4.488
"Office Supplies","Standard Class",19.432
"Technology","Standard Class",65.44
"Office Supplies","Standard Class",6
"Office Supplies","Standard Class",1.908
"Office Supplies","Standard Class",61.568
"Office Supplies","Standard Class",20.96
"Technology","Standard Class",27.696
"Office Supplies","Standard Class",73.164
"Office Supplies","Standard Class",20.07
"Office Supplies","Second Class",81.54
"Technology","Second Class",167.28
"Office Supplies","Standard Class",117.456
"Office Supplies","Standard Class",26.7
"Technology","Standard Class",21.2
"Office Supplies","Standard Class",838.38
"Technology","Standard Class",383.84
"Office Supplies","Standard Class",25.92
"Office Supplies","Standard Class",6.33
"Office Supplies","Standard Class",75.88
"Office Supplies","Standard Class",63.77
"Technology","Standard Class",50.97
"Office Supplies","Standard Class",96.08
"Technology","Standard Class",1439.968
"Technology","Standard Class",43.56
"Office Supplies","Second Class",51.016
"Office Supplies","Second Class",25.248
"Furniture","Second Class",56.686
"Technology","Standard Class",125.7
"Technology","Standard Class",191.98
"Office Supplies","Standard Class",20.86
"Technology","Standard Class",88.776
"Office Supplies","Standard Class",30.32
"Office Supplies","Standard Class",43.41
"Furniture","Standard Class",6.24
"Office Supplies","Standard Class",465.16
"Office Supplies","Standard Class",7.98
"Office Supplies","First Class",2.394
"Office Supplies","Standard Class",9.856
"Office Supplies","Second Class",11.36
"Office Supplies","First Class",442.372
"Office Supplies","Same Day",28.85
"Technology","First Class",116.312
"Office Supplies","Standard Class",24.588
"Office Supplies","Standard Class",13.984
"Technology","Standard Class",195.96
"Office Supplies","Second Class",74.352
"Office Supplies","Standard Class",151.92
"Office Supplies","Standard Class",196.62
"Office Supplies","Standard Class",144.12
"Office Supplies","Standard Class",15.96
"Office Supplies","Second Class",15.28
"Office Supplies","Standard Class",13.98
"Furniture","Standard Class",272.94
"Office Supplies","Standard Class",19.05
"Office Supplies","Standard Class",247.716
"Office Supplies","Standard Class",66.58
"Office Supplies","Standard Class",43.92
"Furniture","Standard Class",14.73
"Office Supplies","Standard Class",29.7
"Furniture","Standard Class",108.4
"Furniture","Standard Class",38.08
"Office Supplies","First Class",32.784
"Technology","First Class",47.984
"Technology","First Class",62.592
"Office Supplies","First Class",4.276
"Office Supplies","Standard Class",10.56
"Office Supplies","Standard Class",229.94
"Office Supplies","Standard Class",5.248
"Furniture","First Class",899.43
"Office Supplies","First Class",46.2
"Office Supplies","First Class",47.952
"Technology","First Class",7.992
"Office Supplies","First Class",76.864
"Office Supplies","Standard Class",21.96
"Furniture","Standard Class",368.97
"Office Supplies","Standard Class",12.39
"Office Supplies","Standard Class",332.94
"Office Supplies","Standard Class",23.52
"Technology","Standard Class",180.96
"Furniture","Standard Class",974.988
"Office Supplies","Standard Class",7.104
"Furniture","Second Class",103.5
"Office Supplies","Second Class",2.464
"Office Supplies","Second Class",8.72
"Technology","Second Class",158.376
"Office Supplies","Standard Class",3.44
"Technology","Standard Class",131.98
"Technology","Standard Class",114.52
"Office Supplies","Standard Class",100.24
"Technology","Second Class",24
"Office Supplies","Second Class",15.552
"Technology","Second Class",26.176
"Office Supplies","Standard Class",5.304
"Office Supplies","Second Class",5443.96
"Furniture","Second Class",302.67
"Office Supplies","Second Class",56.07
"Office Supplies","Standard Class",6.936
"Office Supplies","Standard Class",4.428
"Office Supplies","Standard Class",8.8
"Technology","Standard Class",142.8
"Technology","Standard Class",399.95
"Furniture","Standard Class",634.116
"Office Supplies","Standard Class",17.472
"Furniture","First Class",155.88
"Technology","Second Class",319.968
"Office Supplies","Second Class",505.32
"Office Supplies","Second Class",3.808
"Office Supplies","Second Class",8.682
"Office Supplies","Second Class",24.424
"Office Supplies","First Class",33.62
"Office Supplies","Second Class",243.992
"Office Supplies","Second Class",7.12
"Office Supplies","Standard Class",2.688
"Furniture","Standard Class",317.058
"Office Supplies","Standard Class",149.352
"Technology","Standard Class",227.976
"Office Supplies","Standard Class",125.93
"Office Supplies","Second Class",32.4
"Office Supplies","Second Class",209.94
"Office Supplies","Second Class",4164.05
"Furniture","Second Class",212.94
"Furniture","Standard Class",102.438
"Furniture","Standard Class",199.304
"Office Supplies","Second Class",54.48
"Office Supplies","Standard Class",125.88
"Technology","Standard Class",79.78
"Office Supplies","Standard Class",133.2
"Office Supplies","First Class",42.616
"Technology","First Class",319.984
"Office Supplies","First Class",45.92
"Furniture","First Class",21.184
"Office Supplies","First Class",20.736
"Furniture","First Class",213.43
"Office Supplies","Second Class",219.84
"Office Supplies","Second Class",10.92
"Technology","Second Class",83.9
"Office Supplies","Second Class",19.75
"Technology","Second Class",393.54
"Office Supplies","First Class",3.6
"Office Supplies","Standard Class",180.016
"Furniture","Standard Class",41.552
"Office Supplies","Standard Class",13.12
"Office Supplies","Standard Class",12.16
"Office Supplies","Standard Class",17.52
"Office Supplies","Standard Class",155.88
"Technology","Standard Class",47.97
"Furniture","Same Day",266.352
"Furniture","Same Day",56.328
"Technology","Same Day",39.264
"Office Supplies","Same Day",95.232
"Office Supplies","Second Class",177.2
"Office Supplies","Standard Class",102.624
"Furniture","Standard Class",359.772
"Office Supplies","Standard Class",13.392
"Office Supplies","Standard Class",29.24
"Office Supplies","Standard Class",35.168
"Technology","Standard Class",1362.9
"Furniture","Standard Class",317.058
"Office Supplies","Standard Class",15.76
"Furniture","Standard Class",14.56
"Office Supplies","Standard Class",93.456
"Office Supplies","Standard Class",21.488
"Technology","Standard Class",239.976
"Furniture","Standard Class",34.504
"Furniture","Same Day",20.104
"Office Supplies","Same Day",3.798
"Furniture","Same Day",7.88
"Office Supplies","Standard Class",98.376
"Furniture","Standard Class",22.38
"Office Supplies","Standard Class",1.68
"Furniture","Standard Class",7.968
"Furniture","Standard Class",113.372
"Furniture","Standard Class",2.96
"Office Supplies","Standard Class",32.48
"Technology","Standard Class",17499.95
"Office Supplies","Standard Class",735.98
"Office Supplies","Standard Class",34.37
"Office Supplies","Standard Class",33.96
"Office Supplies","Standard Class",8.016
"Office Supplies","First Class",76.864
"Furniture","Standard Class",1565.88
"Office Supplies","Standard Class",106.05
"Office Supplies","Standard Class",10.368
"Office Supplies","Second Class",11.952
"Office Supplies","Second Class",10.78
"Technology","Second Class",119.976
"Furniture","Same Day",131.376
"Office Supplies","Same Day",5.344
"Furniture","Standard Class",2567.84
"Furniture","Second Class",602.651
"Office Supplies","Second Class",7.656
"Office Supplies","Standard Class",16
"Office Supplies","Standard Class",5.588
"Office Supplies","Standard Class",235.92
"Office Supplies","Same Day",41.28
"Office Supplies","Standard Class",132.16
"Office Supplies","Standard Class",17.904
"Office Supplies","Standard Class",124.032
"Technology","Second Class",95.976
"Furniture","First Class",84.272
"Office Supplies","Same Day",36.544
"Office Supplies","Standard Class",221.024
"Furniture","Standard Class",128.058
"Technology","Standard Class",479.988
"Office Supplies","Standard Class",31.744
"Office Supplies","Standard Class",24.1
"Technology","Standard Class",8.78
"Office Supplies","Standard Class",376.74
"Office Supplies","Standard Class",29.52
"Office Supplies","Standard Class",11.96
"Office Supplies","Standard Class",26.4
"Office Supplies","First Class",1.392
"Office Supplies","Second Class",13.84
"Office Supplies","Second Class",175.872
"Furniture","Standard Class",366.744
"Office Supplies","Standard Class",5.184
"Furniture","Standard Class",8.544
"Office Supplies","Second Class",33.9
"Office Supplies","Standard Class",9.248
"Office Supplies","Standard Class",1.964
"Office Supplies","Standard Class",82.656
"Office Supplies","Second Class",9.248
"Office Supplies","Standard Class",4.448
"Office Supplies","Standard Class",5.184
"Office Supplies","Standard Class",175.92
"Office Supplies","Standard Class",4.752
"Office Supplies","Standard Class",13.344
"Technology","Second Class",479.952
"Office Supplies","Second Class",19.648
"Furniture","Standard Class",257.94
"Technology","Standard Class",1879.96
"Furniture","Standard Class",27.46
"Technology","Standard Class",89.98
"Furniture","Standard Class",828.6
"Technology","Same Day",113.52
"Furniture","Same Day",135.3
"Technology","Standard Class",971.88
"Office Supplies","Standard Class",53.088
"Technology","Second Class",222.384
"Office Supplies","Second Class",16
"Technology","Standard Class",143.96
"Technology","Standard Class",2399.96
"Office Supplies","Standard Class",74.352
"Office Supplies","Standard Class",87.168
"Office Supplies","Standard Class",32.232
"Office Supplies","Standard Class",5.552
"Office Supplies","Standard Class",8.016
"Furniture","Standard Class",74.592
"Furniture","Standard Class",16.784
"Office Supplies","Standard Class",38.864
"Furniture","Standard Class",8.736
"Office Supplies","Second Class",16.4
"Office Supplies","Second Class",25.92
"Technology","Standard Class",40.68
"Office Supplies","Standard Class",68.52
"Office Supplies","Standard Class",364.74
"Furniture","Standard Class",47.4
"Office Supplies","Standard Class",49.76
"Office Supplies","Standard Class",5.56
"Office Supplies","Standard Class",629.1
"Office Supplies","Standard Class",14.7
"Office Supplies","Standard Class",45.36
"Technology","Standard Class",125.99
"Furniture","Second Class",155.372
"Office Supplies","Standard Class",3.036
"Technology","Standard Class",6.9
"Furniture","Standard Class",57.69
"Technology","Standard Class",559.71
"Office Supplies","First Class",37.84
"Office Supplies","First Class",5.472
"Furniture","First Class",292.1
"Furniture","First Class",8.544
"Furniture","First Class",424.116
"Office Supplies","First Class",2.892
"Office Supplies","First Class",381.72
"Furniture","Standard Class",890.841
"Office Supplies","Standard Class",64.75
"Technology","Standard Class",286.4
"Office Supplies","Standard Class",8.904
"Technology","Standard Class",100.8
"Furniture","First Class",22.752
"Office Supplies","Standard Class",176.772
"Office Supplies","Standard Class",38.82
"Office Supplies","Standard Class",21.9
"Office Supplies","Second Class",116.4
"Technology","Standard Class",257.98
"Office Supplies","First Class",54.336
"Office Supplies","Standard Class",40.74
"Office Supplies","Standard Class",14.4
"Technology","Standard Class",149.95
"Office Supplies","Standard Class",16.9
"Office Supplies","Standard Class",17.61
"Office Supplies","Standard Class",378
"Office Supplies","Standard Class",17.64
"Office Supplies","Standard Class",373.08
"Furniture","Standard Class",1336.44
"Technology","Standard Class",29.97
"Office Supplies","Second Class",35.856
"Technology","Second Class",23.84
"Office Supplies","First Class",11.52
"Furniture","Second Class",85.246
"Furniture","Second Class",32.712
"Office Supplies","First Class",10.688
"Office Supplies","First Class",237.096
"Office Supplies","Second Class",5.184
"Office Supplies","Second Class",65.584
"Furniture","Second Class",22.2
"Office Supplies","Second Class",419.4
"Office Supplies","Second Class",9.912
"Furniture","Second Class",318.43
"Office Supplies","Second Class",5.8
"Technology","Second Class",1415.76
"Technology","Standard Class",148.48
"Office Supplies","Standard Class",9.248
"Office Supplies","Standard Class",1036.624
"Office Supplies","Standard Class",13.568
"Office Supplies","Standard Class",2.48
"Office Supplies","Standard Class",25.9
"Office Supplies","Standard Class",10.272
"Furniture","Standard Class",512.19
"Office Supplies","Standard Class",1.556
"Office Supplies","Standard Class",12.176
"Furniture","Standard Class",13.592
"Technology","Standard Class",719.952
"Technology","Standard Class",755.944
"Office Supplies","Standard Class",11.98
"Office Supplies","Standard Class",0.898
"Furniture","First Class",21.204
"Office Supplies","Standard Class",158.28
"Office Supplies","Standard Class",497.94
"Furniture","Standard Class",198.744
"Technology","First Class",47.976
"Office Supplies","First Class",20.736
"Furniture","First Class",563.94
"Office Supplies","Standard Class",128.744
"Office Supplies","Standard Class",146.86
"Office Supplies","Standard Class",36.56
"Furniture","Standard Class",25.176
"Furniture","Standard Class",5.584
"Office Supplies","Standard Class",1297.368
"Office Supplies","First Class",264.32
"Office Supplies","First Class",9.54
"Office Supplies","First Class",5.81
"Office Supplies","First Class",5.76
"Office Supplies","Second Class",850.5
"Furniture","Second Class",75.33
"Office Supplies","First Class",335.72
"Technology","First Class",251.944
"Furniture","First Class",127.302
"Technology","First Class",119.448
"Office Supplies","First Class",118.16
"Office Supplies","Standard Class",53.9
"Furniture","Standard Class",76.728
"Office Supplies","Standard Class",10.43
"Office Supplies","First Class",186.732
"Office Supplies","First Class",3812.97
"Furniture","Standard Class",1568.61
"Office Supplies","Standard Class",17.3
"Technology","Standard Class",160
"Office Supplies","First Class",163.96
"Office Supplies","First Class",5.232
"Office Supplies","Standard Class",11.56
"Technology","Standard Class",209.97
"Furniture","Standard Class",447.84
"Technology","Standard Class",479.97
"Office Supplies","Standard Class",8.64
"Furniture","Standard Class",179.886
"Office Supplies","Standard Class",17.856
"Office Supplies","First Class",114.848
"Office Supplies","Standard Class",10.688
"Technology","Standard Class",25.488
"Office Supplies","Standard Class",15.552
"Office Supplies","First Class",10.368
"Office Supplies","Standard Class",8.568
"Office Supplies","First Class",2.89
"Office Supplies","First Class",7.896
"Furniture","First Class",22.608
"Office Supplies","First Class",30.528
"Office Supplies","Standard Class",1.8
"Technology","First Class",39.984
"Technology","Standard Class",307.168
"Technology","Standard Class",508.768
"Office Supplies","Standard Class",9.912
"Technology","Standard Class",19.136
"Office Supplies","Standard Class",6.12
"Furniture","Standard Class",1184.72
"Furniture","Standard Class",124.404
"Furniture","Standard Class",16.192
"Office Supplies","Standard Class",18.936
"Office Supplies","Standard Class",12.672
"Office Supplies","Standard Class",5.04
"Office Supplies","Standard Class",8.448
"Office Supplies","Standard Class",20.388
"Furniture","Second Class",242.176
"Office Supplies","Standard Class",76.64
"Office Supplies","Standard Class",4.464
"Office Supplies","Standard Class",3.96
"Furniture","Second Class",30.344
"Office Supplies","Second Class",30.384
"Furniture","First Class",298.116
"Office Supplies","Standard Class",39.582
"Office Supplies","Standard Class",44.688
"Office Supplies","Standard Class",31.744
"Office Supplies","Standard Class",40.98
"Office Supplies","Standard Class",3.168
"Office Supplies","Standard Class",18.84
"Furniture","Standard Class",362.25
"Furniture","Standard Class",63.552
"Office Supplies","Standard Class",129.552
"Office Supplies","Standard Class",16.448
"Office Supplies","Second Class",15.12
"Office Supplies","Second Class",7.872
"Office Supplies","Standard Class",25.2
"Office Supplies","Standard Class",37.59
"Office Supplies","Standard Class",14.97
"Technology","Standard Class",1.98
"Technology","Standard Class",263.96
"Office Supplies","Standard Class",541.24
"Office Supplies","Standard Class",106.32
"Furniture","Standard Class",1323.9
"Office Supplies","First Class",83.9
"Office Supplies","First Class",11.76
"Office Supplies","Standard Class",4.992
"Office Supplies","Standard Class",87.92
"Furniture","Standard Class",657.93
"Office Supplies","Standard Class",1.044
"Technology","Standard Class",106.08
"Furniture","Standard Class",23.076
"Office Supplies","Standard Class",25.92
"Office Supplies","First Class",47.952
"Office Supplies","First Class",0.984
"Furniture","First Class",75.384
"Office Supplies","First Class",4.608
"Office Supplies","Standard Class",454.56
"Furniture","Standard Class",141.42
"Furniture","Standard Class",310.744
"Office Supplies","Standard Class",12.736
"Office Supplies","Standard Class",6.47
"Office Supplies","Standard Class",13.748
"Office Supplies","Standard Class",15.224
"Furniture","First Class",89.0664
"Office Supplies","First Class",175.44
"Technology","First Class",438.336
"Office Supplies","Standard Class",55.584
"Furniture","Standard Class",127.386
"Furniture","Second Class",248.43
"Office Supplies","Second Class",11.648
"Furniture","Second Class",85.246
"Office Supplies","Second Class",20.64
"Office Supplies","Same Day",33.29
"Furniture","Standard Class",526.344
"Office Supplies","Standard Class",2.934
"Technology","Standard Class",18.528
"Office Supplies","Standard Class",670.752
"Furniture","Standard Class",64.96
"Furniture","Standard Class",72.78
"Office Supplies","Standard Class",471.9
"Office Supplies","Standard Class",3.52
"Office Supplies","First Class",10.68
"Furniture","First Class",141.96
"Office Supplies","Standard Class",16.032
"Office Supplies","Standard Class",156.512
"Furniture","Standard Class",22.608
"Furniture","Standard Class",1.892
"Office Supplies","Standard Class",63.312
"Office Supplies","Second Class",7.824
"Furniture","Second Class",170.072
"Office Supplies","Standard Class",10.43
"Office Supplies","Standard Class",72.784
"Furniture","Standard Class",44.46
"Office Supplies","Standard Class",314.088
"Office Supplies","Standard Class",4.344
"Furniture","Standard Class",31.776
"Office Supplies","Standard Class",4.928
"Office Supplies","Standard Class",1.788
"Office Supplies","Standard Class",15.072
"Office Supplies","Standard Class",12.624
"Office Supplies","Same Day",70.97
"Office Supplies","Same Day",36.784
"Office Supplies","Second Class",11.212
"Furniture","Second Class",4.712
"Office Supplies","Second Class",180.98
"Office Supplies","Second Class",60.416
"Office Supplies","Same Day",368.91
"Office Supplies","Same Day",8.02
"Office Supplies","Same Day",171.04
"Furniture","Standard Class",69.375
"Office Supplies","Standard Class",31.68
"Technology","Standard Class",2003.168
"Office Supplies","Standard Class",9.344
"Technology","Second Class",600.53
"Office Supplies","Second Class",59.904
"Technology","Second Class",637.44
"Furniture","Second Class",51.756
"Office Supplies","Standard Class",180.96
"Office Supplies","Standard Class",32.4
"Office Supplies","Standard Class",41.86
"Office Supplies","Standard Class",77.56
"Office Supplies","Standard Class",137.352
"Furniture","Standard Class",376.509
"Furniture","Standard Class",512.358
"Office Supplies","Standard Class",3.488
"Office Supplies","Standard Class",22.288
"Office Supplies","Standard Class",16.032
"Office Supplies","First Class",45.04
"Office Supplies","Standard Class",15.624
"Office Supplies","Second Class",2.864
"Office Supplies","Second Class",94.192
"Office Supplies","Second Class",31.744
"Office Supplies","Second Class",5.432
"Furniture","Second Class",913.43
"Office Supplies","Second Class",372.144
"Office Supplies","First Class",4.984
"Office Supplies","Standard Class",64.784
"Office Supplies","Standard Class",15.552
"Office Supplies","Standard Class",223.888
"Office Supplies","Second Class",10.896
"Furniture","Standard Class",241.5
"Office Supplies","First Class",7.68
"Furniture","Standard Class",933.408
"Office Supplies","Standard Class",51.84
"Technology","Standard Class",165.6
"Office Supplies","Standard Class",106.32
"Office Supplies","First Class",4.36
"Office Supplies","Standard Class",129.3
"Office Supplies","Second Class",6.048
"Office Supplies","Second Class",6.848
"Furniture","Second Class",9.96
"Office Supplies","Second Class",8.552
"Technology","Second Class",49.616
"Furniture","Standard Class",344.372
"Office Supplies","Standard Class",1554.936
"Furniture","Standard Class",127.88
"Furniture","Second Class",106.869
"Office Supplies","Second Class",3.564
"Office Supplies","Standard Class",25.68
"Office Supplies","Standard Class",12.384
"Office Supplies","Second Class",7.5
"Furniture","Standard Class",2678.94
"Technology","Standard Class",35.98
"Office Supplies","Standard Class",83.7
"Office Supplies","Standard Class",60.736
"Technology","Standard Class",479.976
"Office Supplies","Standard Class",6.08
"Furniture","Standard Class",366.744
"Office Supplies","Standard Class",8.856
"Technology","Standard Class",27.96
"Office Supplies","Standard Class",146.352
"Technology","First Class",175.23
"Technology","First Class",125.99
"Office Supplies","First Class",23
"Furniture","Standard Class",73.784
"Furniture","Second Class",30.336
"Technology","Standard Class",12.99
"Office Supplies","Standard Class",33.36
"Office Supplies","Standard Class",13.76
"Office Supplies","Standard Class",496.86
"Furniture","Standard Class",389.97
"Office Supplies","Standard Class",6.264
"Office Supplies","Standard Class",14.432
"Technology","Standard Class",719.976
"Technology","Second Class",453.576
"Office Supplies","Second Class",45.36
"Technology","Second Class",287.88
"Technology","Second Class",131.88
"Furniture","Second Class",2.328
"Furniture","Second Class",1454.9
"Technology","First Class",67.176
"Office Supplies","First Class",15.232
"Office Supplies","Same Day",10.272
"Technology","Standard Class",998.85
"Furniture","Standard Class",607.52
"Office Supplies","Standard Class",31.16
"Furniture","Second Class",10.332
"Office Supplies","Second Class",10.368
"Technology","Second Class",20.784
"Office Supplies","Second Class",66.96
"Technology","Standard Class",30.08
"Technology","Standard Class",165.6
"Technology","Standard Class",180.96
"Furniture","Second Class",30.56
"Technology","First Class",399.95
"Office Supplies","Standard Class",760.98
"Office Supplies","Standard Class",0.836
"Furniture","Standard Class",21.968
"Technology","Standard Class",619.152
"Office Supplies","Standard Class",127.904
"Office Supplies","Standard Class",18.368
"Furniture","Standard Class",600.558
"Office Supplies","Standard Class",50.352
"Office Supplies","Standard Class",28.032
"Furniture","Standard Class",7.692
"Furniture","First Class",517.405
"Office Supplies","Second Class",8.608
"Technology","Second Class",159.56
"Office Supplies","Second Class",19.44
"Technology","First Class",115.136
"Office Supplies","Second Class",64.384
"Furniture","Second Class",6.984
"Office Supplies","Second Class",11.264
"Office Supplies","Second Class",15.552
"Furniture","Second Class",379.372
"Office Supplies","Second Class",67.536
"Office Supplies","Second Class",1.524
"Office Supplies","Standard Class",52.59
"Office Supplies","Standard Class",535.41
"Office Supplies","Same Day",10.74
"Office Supplies","Standard Class",5.344
"Office Supplies","Standard Class",1.696
"Office Supplies","Standard Class",24.588
"Office Supplies","Standard Class",7.98
"Office Supplies","Second Class",3.536
"Furniture","First Class",528.43
"Office Supplies","First Class",41.472
"Office Supplies","First Class",55.328
"Furniture","First Class",1227.9984
"Technology","Standard Class",537.544
"Office Supplies","Standard Class",10.688
"Technology","First Class",221.98
"Furniture","First Class",341.96
"Office Supplies","Standard Class",207.144
"Office Supplies","Standard Class",13.9
"Office Supplies","Standard Class",335.52
"Office Supplies","Second Class",26.72
"Office Supplies","Second Class",33.488
"Office Supplies","Standard Class",10.56
"Office Supplies","First Class",386.34
"Office Supplies","Second Class",67.15
"Furniture","First Class",493.43
"Technology","First Class",11.12
"Office Supplies","Second Class",21.99
"Office Supplies","Standard Class",185.376
"Office Supplies","Standard Class",58.924
"Technology","Second Class",50.12
"Technology","Second Class",449.97
"Office Supplies","Second Class",1927.59
"Furniture","Standard Class",489.23
"Furniture","Standard Class",32.064
"Office Supplies","Standard Class",18.496
"Furniture","Standard Class",191.079
"Office Supplies","Standard Class",10.368
"Office Supplies","Standard Class",856.656
"Office Supplies","Standard Class",13.184
"Office Supplies","Standard Class",48.784
"Office Supplies","Standard Class",76.64
"Office Supplies","Standard Class",18.528
"Technology","Standard Class",1439.968
"Office Supplies","Standard Class",1.728
"Furniture","Standard Class",626.1
"Furniture","Standard Class",609.98
"Furniture","Standard Class",211.372
"Technology","Standard Class",239.976
"Furniture","Standard Class",99.95
"Technology","Standard Class",29.34
"Furniture","Standard Class",16.74
"Furniture","Standard Class",239.358
"Technology","Standard Class",299.96
"Office Supplies","Standard Class",67.84
"Furniture","Standard Class",853.93
"Office Supplies","Standard Class",18.688
"Office Supplies","Standard Class",1.248
"Office Supplies","First Class",36.288
"Office Supplies","First Class",78.304
"Furniture","First Class",127.785
"Office Supplies","First Class",6.104
"Office Supplies","Second Class",1.72
"Office Supplies","Second Class",8.952
"Office Supplies","Standard Class",2.334
"Office Supplies","Standard Class",1.728
"Furniture","Standard Class",159.04
"Furniture","Standard Class",145.98
"Furniture","Standard Class",9.68
"Technology","Standard Class",4899.93
"Technology","First Class",35.184
"Office Supplies","Same Day",56.704
"Office Supplies","Same Day",274.064
"Office Supplies","Same Day",92.52
"Office Supplies","Same Day",37.76
"Office Supplies","Same Day",7.38
"Furniture","Same Day",5.82
"Technology","First Class",100.8
"Furniture","Standard Class",487.96
"Office Supplies","Standard Class",2.992
"Technology","Standard Class",108.768
"Technology","Same Day",55.176
"Office Supplies","Standard Class",9892.74
"Office Supplies","Standard Class",322.192
"Office Supplies","Standard Class",2.946
"Office Supplies","Standard Class",19.136
"Office Supplies","Standard Class",24.56
"Office Supplies","Standard Class",16.56
"Technology","Standard Class",279.95
"Technology","Standard Class",89.97
"Office Supplies","Standard Class",93.032
"Furniture","Standard Class",454.965
"Technology","Standard Class",299.98
"Office Supplies","Standard Class",403.68
"Technology","Standard Class",41.9
"Office Supplies","Standard Class",28.91
"Office Supplies","Standard Class",32.4
"Technology","Standard Class",369.544
"Office Supplies","Standard Class",10.368
"Technology","Standard Class",791.88
"Office Supplies","Standard Class",23.64
"Office Supplies","Standard Class",84.784
"Furniture","Standard Class",64.96
"Office Supplies","Standard Class",32.06
"Office Supplies","Standard Class",177.648
"Technology","Standard Class",287.91
"Office Supplies","First Class",22.368
"Office Supplies","First Class",32.368
"Technology","First Class",207.984
"Furniture","Second Class",9.552
"Furniture","Second Class",5.344
"Office Supplies","Standard Class",50.136
"Technology","Standard Class",475.944
"Office Supplies","Standard Class",2.808
"Office Supplies","Standard Class",138.56
"Office Supplies","Standard Class",65.52
"Furniture","Standard Class",405.86
"Furniture","Standard Class",680.01
"Technology","Standard Class",2.376
"Office Supplies","Standard Class",143.128
"Office Supplies","Standard Class",29.372
"Technology","Standard Class",344.704
"Technology","Standard Class",39.816
"Office Supplies","Second Class",7.28
"Office Supplies","Second Class",5.4
"Office Supplies","Standard Class",13.762
"Office Supplies","First Class",15.28
"Office Supplies","Same Day",7.536
"Office Supplies","Same Day",1.408
"Office Supplies","Same Day",4.144
"Office Supplies","Same Day",52.752
"Office Supplies","Standard Class",115.84
"Furniture","Second Class",60.89
"Office Supplies","Second Class",14.94
"Office Supplies","Second Class",9.64
"Furniture","Second Class",332.94
"Office Supplies","Second Class",51.9
"Office Supplies","Second Class",64.96
"Office Supplies","Second Class",25.5
"Furniture","Standard Class",389.97
"Office Supplies","Standard Class",269.91
"Furniture","Standard Class",392.94
"Office Supplies","Standard Class",6.888
"Furniture","Standard Class",457.485
"Office Supplies","Same Day",0.556
"Technology","Second Class",41.424
"Technology","Second Class",244.768
"Office Supplies","Second Class",74.352
"Office Supplies","Second Class",4.312
"Furniture","Second Class",56.686
"Technology","Second Class",97.968
"Office Supplies","Second Class",7.872
"Office Supplies","Second Class",15.552
"Office Supplies","Second Class",1.476
"Office Supplies","Standard Class",4.928
"Office Supplies","Standard Class",63.488
"Office Supplies","Same Day",418.32
"Office Supplies","Same Day",123.858
"Technology","Standard Class",47.904
"Furniture","Standard Class",11.376
"Furniture","Standard Class",66.112
"Furniture","First Class",520.464
"Office Supplies","First Class",11.424
"Office Supplies","Standard Class",19.44
"Office Supplies","Standard Class",3.64
"Office Supplies","Standard Class",18.54
"Office Supplies","First Class",11.56
"Office Supplies","Standard Class",32.56
"Office Supplies","Standard Class",7.072
"Office Supplies","Standard Class",228.92
"Technology","First Class",7.992
"Office Supplies","Standard Class",14.112
"Technology","First Class",574.91
"Office Supplies","First Class",8.448
"Office Supplies","First Class",6.816
"Office Supplies","Second Class",15.224
"Office Supplies","Second Class",21.984
"Furniture","Standard Class",1212.96
"Technology","Standard Class",1099.96
"Furniture","Standard Class",103.481
"Office Supplies","Standard Class",22.24
"Technology","First Class",95.84
"Office Supplies","Standard Class",12.39
"Office Supplies","Standard Class",35.88
"Furniture","Standard Class",477.3
"Office Supplies","Second Class",5.904
"Office Supplies","Second Class",173.488
"Furniture","Second Class",51.56
"Office Supplies","Second Class",3.564
"Office Supplies","Standard Class",13.16
"Office Supplies","Standard Class",3.828
"Office Supplies","Standard Class",304.99
"Office Supplies","Standard Class",18.16
"Furniture","Second Class",781.864
"Office Supplies","Second Class",30.816
"Office Supplies","Same Day",38.16
"Furniture","Standard Class",1592.85
"Office Supplies","Standard Class",11.88
"Office Supplies","First Class",4.41
"Office Supplies","First Class",167.94
"Office Supplies","First Class",67.8
"Furniture","Standard Class",26.94
"Office Supplies","Second Class",26.7
"Office Supplies","Second Class",40.2
"Office Supplies","Second Class",13.89
"Office Supplies","Second Class",689.82
"Office Supplies","First Class",9.264
"Furniture","Second Class",204.6664
"Technology","Standard Class",1649.75
"Office Supplies","Standard Class",54.208
"Technology","Standard Class",323.976
"Office Supplies","Standard Class",15.552
"Office Supplies","Standard Class",32.592
"Office Supplies","Same Day",12.768
"Office Supplies","Standard Class",55.616
"Furniture","Second Class",8.856
"Office Supplies","Standard Class",35.52
"Office Supplies","Standard Class",6.23
"Office Supplies","Standard Class",56.704
"Furniture","Standard Class",369.1992
"Technology","Standard Class",1.98
"Office Supplies","Standard Class",75.88
"Furniture","Second Class",5.312
"Technology","First Class",79.96
"Furniture","Second Class",105.686
"Technology","Second Class",399.54
"Furniture","Second Class",104.93
"Office Supplies","First Class",53.72
"Office Supplies","Standard Class",195.136
"Office Supplies","Standard Class",121.536
"Office Supplies","Standard Class",17.472
"Office Supplies","Standard Class",104.58
"Furniture","Standard Class",24.7
"Furniture","Standard Class",302.72
"Office Supplies","Second Class",41.472
"Office Supplies","First Class",21.392
"Furniture","First Class",307.314
"Furniture","First Class",409.9992
"Office Supplies","First Class",9.248
"Office Supplies","Standard Class",14.67
"Office Supplies","Standard Class",90.64
"Office Supplies","Standard Class",221.16
"Technology","Standard Class",281.97
"Office Supplies","Second Class",26.632
"Office Supplies","Standard Class",64.02
"Office Supplies","Standard Class",11.646
"Furniture","Standard Class",613.9992
"Office Supplies","Second Class",491.55
"Technology","Same Day",79.96
"Technology","Same Day",223.96
"Furniture","Standard Class",18.96
"Office Supplies","Standard Class",12.224
"Technology","Standard Class",269.98
"Office Supplies","Standard Class",268.576
"Furniture","Standard Class",10.984
"Furniture","Standard Class",797.944
"Office Supplies","Standard Class",5.344
"Office Supplies","Standard Class",27.72
"Office Supplies","Standard Class",54.9
"Office Supplies","Standard Class",2177.584
"Furniture","Standard Class",17.496
"Office Supplies","Standard Class",16.784
"Technology","Standard Class",431.136
"Office Supplies","Standard Class",8.88
"Office Supplies","Standard Class",4.836
"Furniture","Standard Class",1023.332
"Furniture","Standard Class",600.558
"Technology","Standard Class",39.992
"Furniture","Standard Class",211.246
"Office Supplies","Second Class",56.064
"Furniture","Second Class",107.772
"Office Supplies","Second Class",4.832
"Office Supplies","Second Class",18.24
"Office Supplies","Standard Class",3.798
"Office Supplies","Standard Class",2.112
"Technology","Second Class",319.968
"Furniture","Second Class",8.624
"Office Supplies","Second Class",3.984
"Furniture","First Class",14
"Office Supplies","First Class",16.392
"Office Supplies","First Class",15.936
"Furniture","First Class",61.544
"Office Supplies","First Class",132.696
"Office Supplies","Standard Class",67.4
"Office Supplies","Standard Class",2.52
"Technology","Standard Class",67.8
"Office Supplies","Standard Class",18.76
"Technology","Standard Class",12.12
"Office Supplies","Standard Class",11.34
"Technology","Standard Class",159.8
"Furniture","Standard Class",18.96
"Office Supplies","Same Day",290.336
"Office Supplies","Same Day",19.152
"Office Supplies","Standard Class",5.94
"Office Supplies","Second Class",20.62
"Technology","Second Class",124.25
"Technology","Second Class",297.55
"Furniture","Second Class",403.56
"Furniture","Second Class",95.2
"Technology","Standard Class",153.824
"Office Supplies","Second Class",62.016
"Furniture","Standard Class",25.128
"Technology","Standard Class",127.984
"Office Supplies","Second Class",12.96
"Office Supplies","Second Class",94.85
"Office Supplies","Second Class",13.48
"Furniture","Second Class",14.91
"Furniture","Standard Class",528.43
"Office Supplies","Standard Class",22.386
"Technology","Standard Class",191.968
"Furniture","Second Class",1925.88
"Office Supplies","Second Class",2405.2
"Technology","Second Class",83.97
"Technology","Second Class",39.89
"Office Supplies","Second Class",17.38
"Office Supplies","First Class",65.584
"Furniture","First Class",383.4656
"Office Supplies","Standard Class",99.568
"Office Supplies","Standard Class",35.56
"Technology","Standard Class",97.98
