"Ship.Mode","Category","Sales","Quantity","Profit"
"First Class","Technology",1097.544,7,123.4737
"First Class","Furniture",190.92,5,-147.963
"First Class","Technology",45.98,2,19.7714
"First Class","Office Supplies",17.46,2,8.2062
"First Class","Office Supplies",208.56,6,52.14
"First Class","Office Supplies",32.4,5,15.552
"First Class","Furniture",319.41,5,7.098
"First Class","Office Supplies",14.56,2,6.9888
"First Class","Technology",30,2,3.3
"First Class","Office Supplies",48.48,4,16.362
"First Class","Office Supplies",1.68,1,0.84
"First Class","Office Supplies",75.88,2,35.6636
"First Class","Office Supplies",1.248,3,-1.9344
"First Class","Furniture",9.708,3,-5.8248
"First Class","Office Supplies",27.24,3,2.724
"First Class","Office Supplies",208.16,1,56.2032
"First Class","Office Supplies",16.74,3,8.0352
"First Class","Office Supplies",230.376,3,-48.9549
"First Class","Office Supplies",51.312,3,17.9592
"First Class","Furniture",47.04,3,18.3456
"First Class","Office Supplies",30.84,4,13.878
"First Class","Office Supplies",226.56,6,63.4368
"First Class","Office Supplies",115.02,9,51.759
"First Class","Technology",68.04,7,19.7316
"First Class","Technology",59.97,5,-11.994
"First Class","Office Supplies",78.304,2,29.364
"First Class","Office Supplies",21.456,9,6.9732
"First Class","Office Supplies",157.92,5,17.766
"First Class","Technology",203.184,2,15.2388
"First Class","Office Supplies",58.38,7,26.271
"First Class","Office Supplies",105.52,4,48.5392
"First Class","Office Supplies",80.88,6,21.0288
"First Class","Office Supplies",5.98,1,2.691
"First Class","Furniture",899.136,4,112.392
"First Class","Technology",71.76,6,20.0928
"First Class","Office Supplies",51.84,8,24.8832
"First Class","Furniture",626.352,3,46.9764
"First Class","Office Supplies",19.9,5,6.567
"First Class","Furniture",218.75,2,-161.875
"First Class","Office Supplies",2.6,1,0.2925
"First Class","Office Supplies",5.584,2,1.8148
"First Class","Office Supplies",22.704,6,8.2302
"First Class","Office Supplies",19.776,4,-13.8432
"First Class","Furniture",72.704,4,19.0848
"First Class","Technology",479.988,4,-383.9904
"First Class","Office Supplies",27.168,2,2.7168
"First Class","Office Supplies",80.58,6,22.5624
"First Class","Office Supplies",361.92,4,162.864
"First Class","Technology",209.93,7,92.3692
"First Class","Furniture",5.28,3,2.3232
"First Class","Office Supplies",10.92,3,4.095
"First Class","Office Supplies",8.82,2,4.0572
"First Class","Office Supplies",5.98,1,1.5548
"First Class","Furniture",300.416,8,78.8592
"First Class","Furniture",230.352,3,20.1558
"First Class","Furniture",218.352,3,-24.5646
"First Class","Office Supplies",78.6,5,-62.88
"First Class","Office Supplies",27.552,3,9.2988
"First Class","Office Supplies",4.89,1,2.0049
"First Class","Office Supplies",99.136,4,8.6744
"First Class","Technology",290.898,3,-67.8762
"First Class","Office Supplies",54.224,2,3.389
"First Class","Furniture",786.744,4,-258.5016
"First Class","Office Supplies",100.24,10,33.831
"First Class","Office Supplies",37.764,6,-27.6936
"First Class","Technology",6.79,1,2.3086
"First Class","Office Supplies",24.56,2,11.5432
"First Class","Office Supplies",3.048,1,1.0668
"First Class","Office Supplies",49.12,4,23.0864
"First Class","Office Supplies",4355.168,4,1415.4296
"First Class","Office Supplies",647.84,8,168.4384
"First Class","Office Supplies",20.7,2,9.936
"First Class","Office Supplies",99.136,4,30.98
"First Class","Office Supplies",50.96,7,25.48
"First Class","Office Supplies",49.536,3,17.3376
"First Class","Office Supplies",2.624,1,0.4264
"First Class","Office Supplies",9.568,2,3.4684
"First Class","Technology",196.752,6,56.5662
"First Class","Technology",69.99,1,30.0957
"First Class","Office Supplies",714.3,5,207.147
"First Class","Office Supplies",29.6,2,14.8
"First Class","Furniture",514.165,5,-30.245
"First Class","Technology",279.96,5,17.4975
"First Class","Technology",2735.952,6,341.994
"First Class","Furniture",126.3,3,40.416
"First Class","Technology",38.04,2,12.1728
"First Class","Office Supplies",7.152,3,0.7152
"First Class","Furniture",210.98,2,21.098
"First Class","Technology",55.176,3,-12.4146
"First Class","Technology",66.26,2,27.1666
"First Class","Technology",468.9,6,206.316
"First Class","Technology",380.864,8,38.0864
"First Class","Office Supplies",41.28,6,13.932
"First Class","Office Supplies",13.36,2,6.4128
"First Class","Furniture",34.504,1,6.0382
"First Class","Office Supplies",3.96,2,0
"First Class","Office Supplies",2.61,1,1.2006
"First Class","Technology",374.376,3,46.797
"First Class","Office Supplies",11.632,2,1.0178
"First Class","Technology",369.576,3,41.5773
"First Class","Office Supplies",15.712,4,5.6956
"First Class","Furniture",30.36,5,8.7285
"First Class","Office Supplies",61.44,3,16.5888
"First Class","Office Supplies",38.9,5,17.505
"First Class","Technology",99.39,3,40.7499
"First Class","Technology",479.97,3,163.1898
"First Class","Office Supplies",14.62,2,6.8714
"First Class","Office Supplies",19.44,3,9.3312
"First Class","Office Supplies",198.272,8,17.3488
"First Class","Office Supplies",47.36,4,17.76
"First Class","Office Supplies",200.984,7,62.8075
"First Class","Office Supplies",97.696,4,31.7512
"First Class","Office Supplies",2.696,1,0.8088
"First Class","Office Supplies",18.588,2,-13.6312
"First Class","Office Supplies",4.896,3,-3.4272
"First Class","Technology",119.96,4,52.7824
"First Class","Furniture",883.92,5,-110.49
"First Class","Office Supplies",46.72,8,15.768
"First Class","Office Supplies",55.48,1,26.6304
"First Class","Furniture",9.94,2,3.0814
"First Class","Office Supplies",182.72,8,84.0512
"First Class","Furniture",400.032,2,-153.3456
"First Class","Office Supplies",33.63,3,10.089
"First Class","Furniture",542.646,3,102.4998
"First Class","Office Supplies",6.3,2,3.024
"First Class","Technology",1199.976,3,374.9925
"First Class","Furniture",544.008,3,40.8006
"First Class","Office Supplies",59.94,3,28.1718
"First Class","Office Supplies",23.92,4,11.7208
"First Class","Office Supplies",4.28,1,1.926
"First Class","Office Supplies",132.79,7,63.7392
"First Class","Office Supplies",12.96,2,6.2208
"First Class","Office Supplies",21.56,7,10.3488
"First Class","Furniture",22.23,1,7.3359
"First Class","Technology",215.968,2,18.8972
"First Class","Furniture",18.28,2,6.2152
"First Class","Furniture",28.4,2,11.076
"First Class","Technology",149.97,3,50.9898
"First Class","Office Supplies",11.52,4,3.2256
"First Class","Furniture",1298.55,5,311.652
"First Class","Office Supplies",213.92,4,62.0368
"First Class","Technology",25.78,2,2.578
"First Class","Office Supplies",51.84,8,24.8832
"First Class","Office Supplies",37.44,4,11.7
"First Class","Office Supplies",26.976,4,8.7672
"First Class","Office Supplies",11.36,2,3.2944
"First Class","Office Supplies",14.62,2,6.8714
"First Class","Office Supplies",15.936,4,5.1792
"First Class","Office Supplies",1141.47,5,-760.98
"First Class","Technology",280.782,3,-46.797
"First Class","Office Supplies",34.44,3,17.22
"First Class","Furniture",31.4,5,10.048
"First Class","Office Supplies",4.54,1,2.043
"First Class","Office Supplies",15.92,4,5.4128
"First Class","Technology",543.92,8,135.98
"First Class","Office Supplies",155.82,7,42.0714
"First Class","Office Supplies",70.008,3,24.5028
"First Class","Office Supplies",8.904,2,-6.5296
"First Class","Office Supplies",10.44,5,3.393
"First Class","Office Supplies",18.336,4,-32.088
"First Class","Technology",323.976,3,20.2485
"First Class","Furniture",46.94,1,19.2454
"First Class","Technology",143.73,9,56.0547
"First Class","Office Supplies",15.552,3,5.4432
"First Class","Technology",252,5,53.55
"First Class","Office Supplies",14.592,3,2.5536
"First Class","Office Supplies",89.856,3,21.3408
"First Class","Office Supplies",13.872,3,5.0286
"First Class","Technology",159.99,1,54.3966
"First Class","Office Supplies",17.12,2,8.0464
"First Class","Furniture",393.165,3,-204.4458
"First Class","Office Supplies",21.88,2,10.94
"First Class","Office Supplies",9.82,2,4.8118
"First Class","Office Supplies",35.97,3,9.7119
"First Class","Office Supplies",12.96,2,6.2208
"First Class","Office Supplies",191.6,4,91.968
"First Class","Office Supplies",8.64,3,4.2336
"First Class","Office Supplies",501.81,3,0
"First Class","Technology",3059.982,2,679.996
"First Class","Office Supplies",3.282,2,-2.6256
"First Class","Office Supplies",34.02,3,16.6698
"First Class","Office Supplies",14.624,2,5.484
"First Class","Office Supplies",10.23,3,4.9104
"First Class","Office Supplies",154.9,5,69.705
"First Class","Office Supplies",7.08,3,2.478
"First Class","Office Supplies",4.401,3,-3.5208
"First Class","Technology",95.984,2,5.999
"First Class","Furniture",151.72,4,27.3096
"First Class","Office Supplies",11.808,2,4.2804
"First Class","Office Supplies",15.696,3,5.1012
"First Class","Office Supplies",2.628,2,-1.9272
"First Class","Office Supplies",14.427,3,-10.5798
"First Class","Office Supplies",36.624,3,13.734
"First Class","Office Supplies",23.968,7,2.6964
"First Class","Office Supplies",28.728,3,1.7955
"First Class","Office Supplies",8.84,5,2.9835
"First Class","Office Supplies",58.464,9,-146.16
"First Class","Furniture",168.464,2,-29.4812
"First Class","Office Supplies",6.72,2,2.436
"First Class","Furniture",282.888,9,56.5776
"First Class","Furniture",194.848,4,12.178
"First Class","Office Supplies",40.88,7,10.6288
"First Class","Furniture",447.84,5,11.196
"First Class","Office Supplies",7.04,4,2.0416
"First Class","Furniture",8.73,3,4.1031
"First Class","Technology",29.29,1,9.6657
"First Class","Office Supplies",8.64,3,2.5056
"First Class","Office Supplies",19.44,3,9.3312
"First Class","Office Supplies",122.48,2,0
"First Class","Furniture",2244.48,7,493.7856
"First Class","Office Supplies",62.31,3,29.2857
"First Class","Furniture",455.1,2,100.122
"First Class","Office Supplies",50.112,6,16.2864
"First Class","Office Supplies",21.744,1,7.3386
"First Class","Technology",7.92,5,0.693
"First Class","Technology",271.96,5,16.9975
"First Class","Furniture",113.79,3,20.4822
"First Class","Technology",78.15,1,34.386
"First Class","Office Supplies",1.728,1,0.6048
"First Class","Office Supplies",40.56,4,19.8744
"First Class","Office Supplies",182.94,3,3.6588
"First Class","Office Supplies",193.86,2,11.6316
"First Class","Technology",839.988,2,69.999
"First Class","Technology",69.9,2,18.873
"First Class","Furniture",41.85,5,10.881
"First Class","Technology",32.97,3,12.8583
"First Class","Technology",83.88,4,30.1968
"First Class","Technology",278.4,3,80.736
"First Class","Office Supplies",15.12,3,4.914
"First Class","Office Supplies",17.43,1,-13.363
"First Class","Office Supplies",251.64,3,88.074
"First Class","Office Supplies",13.216,4,4.4604
"First Class","Office Supplies",32.4,5,15.552
"First Class","Office Supplies",26.96,2,7.0096
"First Class","Office Supplies",46.76,7,22.4448
"First Class","Office Supplies",17.712,3,6.4206
"First Class","Office Supplies",21.78,2,5.6628
"First Class","Office Supplies",161.94,3,9.7164
"First Class","Furniture",161.568,2,-8.0784
"First Class","Office Supplies",10.816,4,3.5152
"First Class","Office Supplies",17.46,6,-30.555
"First Class","Office Supplies",11.34,1,5.5566
"First Class","Technology",695.7,2,-27.828
"First Class","Office Supplies",15.66,5,-12.528
"First Class","Office Supplies",28.854,6,-21.1596
"First Class","Office Supplies",31.4,2,7.85
"First Class","Office Supplies",79.14,3,36.4044
"First Class","Furniture",1.988,1,-1.4413
"First Class","Office Supplies",38.388,14,-25.592
"First Class","Technology",95.994,2,-63.996
"First Class","Technology",239.952,6,-35.9928
"First Class","Technology",201.584,2,15.1188
"First Class","Furniture",899.136,4,-146.1096
"First Class","Furniture",145.9,5,62.737
"First Class","Office Supplies",9.552,3,1.5522
"First Class","Office Supplies",17.216,4,6.0256
"First Class","Office Supplies",11.56,2,5.6644
"First Class","Technology",88.4,4,11.492
"First Class","Office Supplies",6.48,1,3.1104
"First Class","Office Supplies",10.304,1,-2.1896
"First Class","Furniture",154.764,3,-36.1116
"First Class","Technology",116.784,2,21.897
"First Class","Technology",946.344,7,118.293
"First Class","Technology",151.2,3,32.13
"First Class","Furniture",4.928,4,-1.4784
"First Class","Office Supplies",13.76,2,6.3296
"First Class","Office Supplies",164.736,4,-39.1248
"First Class","Furniture",470.302,7,-87.3418
"First Class","Technology",47.984,2,5.998
"First Class","Office Supplies",2.502,3,-1.7514
"First Class","Office Supplies",2.025,1,-1.35
"First Class","Office Supplies",70.98,7,34.7802
"First Class","Office Supplies",91.68,3,45.84
"First Class","Office Supplies",33.75,5,16.875
"First Class","Technology",3040,8,1459.2
"First Class","Technology",159.984,2,43.9956
"First Class","Furniture",1024.716,6,-29.2776
"First Class","Office Supplies",3.68,2,1.8032
"First Class","Technology",31.968,4,2.3976
"First Class","Office Supplies",18.16,5,6.583
"First Class","Furniture",8.36,2,3.0096
"First Class","Technology",559.992,1,174.9975
"First Class","Office Supplies",21.56,7,10.3488
"First Class","Office Supplies",2.78,1,0.7228
"First Class","Technology",21.48,3,-0.2685
"First Class","Office Supplies",8.784,4,-13.6152
"First Class","Furniture",603.92,5,-67.941
"First Class","Office Supplies",21.84,3,10.4832
"First Class","Technology",29.99,1,6.2979
"First Class","Furniture",381.44,2,23.84
"First Class","Technology",40.68,3,-9.153
"First Class","Furniture",763.28,5,-21.808
"First Class","Office Supplies",170.88,3,49.5552
"First Class","Technology",307.98,2,89.3142
"First Class","Furniture",382.806,9,-153.1224
"First Class","Office Supplies",41.96,2,2.9372
"First Class","Office Supplies",1217.568,2,456.588
"First Class","Furniture",47.04,3,18.3456
"First Class","Furniture",6.16,2,2.9568
"First Class","Technology",979.95,5,274.386
"First Class","Office Supplies",143.7,3,68.976
"First Class","Office Supplies",10.65,3,5.0055
"First Class","Technology",247.8,4,34.692
"First Class","Furniture",359.058,3,-35.9058
"First Class","Furniture",547.3,13,175.136
"First Class","Office Supplies",1247.64,3,349.3392
"First Class","Technology",3149.93,7,1480.4671
"First Class","Office Supplies",209.7,2,100.656
"First Class","Technology",35.36,2,-3.094
"First Class","Office Supplies",3.168,2,-0.7128
"First Class","Office Supplies",169.68,6,45.8136
"First Class","Technology",132.52,4,54.3332
"First Class","Office Supplies",2.96,2,1.4208
"First Class","Office Supplies",8.448,2,2.9568
"First Class","Office Supplies",95.94,3,9.594
"First Class","Furniture",34.79,7,10.7849
"First Class","Technology",58.58,2,19.3314
"First Class","Office Supplies",196.62,2,96.3438
"First Class","Office Supplies",99.28,2,12.41
"First Class","Office Supplies",1.188,2,-0.99
"First Class","Office Supplies",7.518,2,-5.7638
"First Class","Office Supplies",10.368,2,3.6288
"First Class","Furniture",310.88,2,23.316
"First Class","Office Supplies",434.352,3,43.4352
"First Class","Office Supplies",3.552,2,0.444
"First Class","Office Supplies",88.832,4,7.7728
"First Class","Office Supplies",13.36,2,4.9432
"First Class","Furniture",9.46,2,3.6894
"First Class","Office Supplies",559.62,9,151.0974
"First Class","Office Supplies",109.92,2,53.8608
"First Class","Office Supplies",8.56,2,3.852
"First Class","Office Supplies",41.568,6,-66.5088
"First Class","Furniture",2807.84,8,673.8816
"First Class","Office Supplies",46.64,4,12.5928
"First Class","Office Supplies",63.84,8,16.5984
"First Class","Technology",347.97,3,100.9113
"First Class","Office Supplies",37.008,6,11.565
"First Class","Technology",2575.944,7,257.5944
"First Class","Office Supplies",45.36,7,21.7728
"First Class","Technology",254.24,7,76.272
"First Class","Technology",69.93,7,0.6993
"First Class","Office Supplies",21.4,5,6.206
"First Class","Office Supplies",137.62,2,60.5528
"First Class","Technology",100.49,1,25.1225
"First Class","Furniture",257.568,2,-28.9764
"First Class","Technology",119.96,4,33.5888
"First Class","Furniture",196.45,5,70.722
"First Class","Office Supplies",7.104,2,2.3976
"First Class","Office Supplies",398.352,8,-331.96
"First Class","Office Supplies",121.792,4,13.7016
"First Class","Furniture",409.59,3,-122.877
"First Class","Office Supplies",34.65,3,10.395
"First Class","Office Supplies",1793.98,2,843.1706
"First Class","Technology",14.78,2,3.9906
"First Class","Office Supplies",5.184,1,1.8144
"First Class","Furniture",478.48,2,47.848
"First Class","Technology",28.4,2,6.745
"First Class","Office Supplies",909.12,8,9.0912
"First Class","Furniture",136.92,4,41.076
"First Class","Technology",149.95,5,65.978
"First Class","Office Supplies",895.92,5,302.373
"First Class","Furniture",462.564,2,97.6524
"First Class","Office Supplies",88.768,2,31.0688
"First Class","Office Supplies",47.36,4,17.76
"First Class","Office Supplies",27.44,2,2.401
"First Class","Office Supplies",3.24,9,-5.184
"First Class","Technology",1439.976,4,191.9968
"First Class","Office Supplies",15,4,7.2
"First Class","Technology",161.61,1,42.0186
"First Class","Technology",144.95,5,42.0355
"First Class","Furniture",183.372,2,-36.6744
"First Class","Office Supplies",1606.23,9,481.869
"First Class","Office Supplies",17.04,3,7.668
"First Class","Office Supplies",49.53,3,23.7744
"First Class","Furniture",872.32,4,244.2496
"First Class","Furniture",141.96,2,39.7488
"First Class","Furniture",289.8,7,36.225
"First Class","Office Supplies",2.502,3,-2.0016
"First Class","Office Supplies",6.48,4,-4.752
"First Class","Furniture",341.488,8,-73.176
"First Class","Office Supplies",11.12,5,0.834
"First Class","Furniture",25.344,6,3.4848
"First Class","Technology",199.95,5,63.984
"First Class","Furniture",1586.69,7,412.5394
"First Class","Technology",84.99,1,30.5964
"First Class","Furniture",411.8,2,70.006
"First Class","Office Supplies",39.9,5,19.95
"First Class","Office Supplies",90.86,7,26.3494
"First Class","Office Supplies",94.85,5,45.528
"First Class","Office Supplies",5.28,1,2.376
"First Class","Office Supplies",895.92,5,302.373
"First Class","Furniture",215.976,3,-2.6997
"First Class","Office Supplies",501.81,3,0
"First Class","Office Supplies",161.94,3,9.7164
"First Class","Office Supplies",19.752,3,6.9132
"First Class","Office Supplies",167.292,6,29.7408
"First Class","Office Supplies",1.44,1,0.504
"First Class","Office Supplies",61.776,13,20.8494
"First Class","Office Supplies",241.96,2,60.49
"First Class","Furniture",108.608,4,9.5032
"First Class","Office Supplies",43.26,3,14.2758
"First Class","Office Supplies",43.56,2,15.246
"First Class","Furniture",1212.96,7,90.972
"First Class","Office Supplies",18.54,2,8.7138
"First Class","Furniture",359.97,3,79.1934
"First Class","Furniture",97.568,2,-6.098
"First Class","Furniture",614.272,8,-23.0352
"First Class","Furniture",199.98,2,37.9962
"First Class","Office Supplies",48.16,7,22.1536
"First Class","Office Supplies",14.352,3,5.2026
"First Class","Office Supplies",16.4,5,4.756
"First Class","Furniture",892.98,2,80.3682
"First Class","Furniture",141.372,2,-14.1372
"First Class","Office Supplies",27.216,3,9.8658
"First Class","Furniture",280.792,1,35.099
"First Class","Office Supplies",68.448,4,7.7004
"First Class","Office Supplies",88.04,5,6.603
"First Class","Office Supplies",15.872,1,1.984
"First Class","Office Supplies",215.592,3,-48.5082
"First Class","Office Supplies",194.32,4,56.3528
"First Class","Office Supplies",14.352,3,5.2026
"First Class","Furniture",63.2,5,23.384
"First Class","Technology",113.97,3,27.3528
"First Class","Furniture",1552.831,7,200.9546
"First Class","Office Supplies",137.24,5,46.3185
"First Class","Technology",36.51,1,15.6993
"First Class","Technology",239.976,3,80.9919
"First Class","Office Supplies",23.12,4,11.3288
"First Class","Office Supplies",176.04,4,45.7704
"First Class","Office Supplies",16.02,9,4.4856
"First Class","Office Supplies",185.92,4,62.748
"First Class","Technology",211.168,4,15.8376
"First Class","Technology",479.984,2,59.998
"First Class","Office Supplies",7.86,2,3.6156
"First Class","Office Supplies",24.448,2,8.8624
"First Class","Furniture",211.84,8,76.2624
"First Class","Office Supplies",33.96,2,16.98
"First Class","Office Supplies",826.11,3,322.1829
"First Class","Furniture",217.584,2,-29.9178
"First Class","Technology",82.95,5,29.0325
"First Class","Office Supplies",87.71,7,41.2237
"First Class","Office Supplies",1101.48,4,429.5772
"First Class","Office Supplies",37.608,3,12.6927
"First Class","Office Supplies",12.224,2,4.4312
"First Class","Office Supplies",2.304,4,-3.5712
"First Class","Office Supplies",9.36,4,-16.38
"First Class","Technology",106.5,6,41.535
"First Class","Technology",46.32,4,18.0648
"First Class","Technology",71,4,27.69
"First Class","Technology",11199.968,4,3919.9888
"First Class","Technology",2399.6,8,647.892
"First Class","Office Supplies",63.9,5,28.755
"First Class","Technology",52.99,1,0.5299
"First Class","Technology",60.864,4,9.1296
"First Class","Technology",652.995,7,-935.9595
"First Class","Office Supplies",11.22,10,-7.48
"First Class","Office Supplies",186.048,6,67.4424
"First Class","Office Supplies",8.76,2,4.2048
"First Class","Office Supplies",3.984,1,1.2948
"First Class","Furniture",370.62,3,-142.071
"First Class","Office Supplies",2.742,2,-2.0108
"First Class","Office Supplies",3.98,5,-6.567
"First Class","Office Supplies",15.7,5,7.065
"First Class","Office Supplies",5.248,4,1.64
"First Class","Office Supplies",30.352,2,10.6232
"First Class","Furniture",45.888,4,9.1776
"First Class","Office Supplies",1.641,1,-1.3128
"First Class","Technology",629.958,7,94.4937
"First Class","Office Supplies",477.24,4,9.5448
"First Class","Technology",25.98,2,1.5588
"First Class","Office Supplies",48.4,5,23.232
"First Class","Technology",0.99,1,0.4356
"First Class","Office Supplies",101.84,5,36.917
"First Class","Office Supplies",34.384,1,3.8682
"First Class","Office Supplies",1924.16,8,312.676
"First Class","Furniture",19.104,3,5.7312
"First Class","Office Supplies",59.2,4,29.6
"First Class","Furniture",601.536,4,0
"First Class","Office Supplies",7.9,2,2.528
"First Class","Office Supplies",25.96,2,7.5284
"First Class","Office Supplies",36.27,3,10.881
"First Class","Office Supplies",6.48,1,3.1104
"First Class","Technology",783.96,5,78.396
"First Class","Office Supplies",7.88,1,1.773
"First Class","Office Supplies",6.72,5,2.352
"First Class","Furniture",298.776,3,7.4694
"First Class","Office Supplies",8.928,2,0.558
"First Class","Office Supplies",47.584,2,-2.974
"First Class","Office Supplies",108.336,6,37.9176
"First Class","Office Supplies",55.92,5,6.291
"First Class","Office Supplies",78.304,2,29.364
"First Class","Technology",695.7,2,-27.828
"First Class","Office Supplies",50.94,3,14.2632
"First Class","Office Supplies",64.784,1,-12.9568
"First Class","Furniture",1603.136,4,100.196
"First Class","Office Supplies",6.03,3,2.9547
"First Class","Office Supplies",6.63,3,1.7901
"First Class","Office Supplies",12.96,2,6.2208
"First Class","Office Supplies",32.4,5,15.552
"First Class","Office Supplies",5.952,1,0.372
"First Class","Office Supplies",19.9,1,8.955
"First Class","Furniture",70.71,1,4.9497
"First Class","Furniture",38.29,7,16.4647
"First Class","Office Supplies",207.48,1,62.244
"First Class","Office Supplies",904.9,5,253.372
"First Class","Furniture",191.82,3,74.8098
"First Class","Furniture",411.8,2,70.006
"First Class","Technology",360,4,129.6
"First Class","Technology",83.97,3,23.5116
"First Class","Technology",104.97,3,7.3479
"First Class","Office Supplies",114.46,2,28.615
"First Class","Office Supplies",12.96,2,6.2208
"First Class","Technology",43.176,3,15.1116
"First Class","Furniture",1123.92,5,-182.637
"First Class","Technology",249.584,2,31.198
"First Class","Furniture",48.672,3,7.3008
"First Class","Office Supplies",60.768,2,7.596
"First Class","Office Supplies",78.6,5,-62.88
"First Class","Office Supplies",3.768,2,-3.14
"First Class","Office Supplies",1036.624,2,51.8312
"First Class","Office Supplies",563.808,4,21.1428
"First Class","Furniture",44.46,2,14.6718
"First Class","Furniture",241.568,2,18.1176
"First Class","Technology",395,5,39.5
"First Class","Technology",627.168,4,70.5564
"First Class","Furniture",13.28,2,6.3744
"First Class","Office Supplies",12.672,3,4.4352
"First Class","Office Supplies",206.43,3,90.8292
"First Class","Office Supplies",32.4,5,15.552
"First Class","Technology",2025.36,6,607.608
"First Class","Technology",1799.994,2,-2639.9912
"First Class","Technology",101.988,2,-16.998
"First Class","Furniture",262.864,7,69.0018
"First Class","Office Supplies",67.64,5,5.9185
"First Class","Technology",119.976,3,-17.9964
"First Class","Furniture",67,5,32.16
"First Class","Office Supplies",26.046,3,-44.2782
"First Class","Office Supplies",74.352,3,26.9526
"First Class","Office Supplies",3.648,3,-6.0192
"First Class","Office Supplies",31.104,6,10.8864
"First Class","Office Supplies",75.18,6,35.3346
"First Class","Office Supplies",9.408,2,3.4104
"First Class","Office Supplies",4.672,2,1.46
"First Class","Technology",318.4,2,107.46
"First Class","Office Supplies",12.768,6,4.6284
"First Class","Office Supplies",15.36,2,-3.264
"First Class","Technology",230.376,3,20.1579
"First Class","Technology",7.16,1,-0.0895
"First Class","Office Supplies",3.984,1,1.3944
"First Class","Office Supplies",56.45,5,14.677
"First Class","Furniture",60.312,3,5.2773
"First Class","Office Supplies",20.736,4,7.2576
"First Class","Technology",99.98,2,7.9984
"First Class","Office Supplies",733.95,7,352.296
"First Class","Office Supplies",241.44,3,72.432
"First Class","Technology",494.376,3,49.4376
"First Class","Office Supplies",29.2,5,9.855
"First Class","Technology",248.85,5,27.3735
"First Class","Technology",36.24,1,15.2208
"First Class","Office Supplies",30.96,8,-52.632
"First Class","Technology",1704.89,11,767.2005
"First Class","Office Supplies",17.12,4,4.9648
"First Class","Technology",431.968,4,37.7972
"First Class","Furniture",129.92,4,10.3936
"First Class","Furniture",568.728,3,28.4364
"First Class","Office Supplies",117.144,9,42.4647
"First Class","Office Supplies",203.52,3,54.9504
"First Class","Office Supplies",51.75,5,24.84
"First Class","Office Supplies",16.03,5,-25.648
"First Class","Furniture",290.666,2,3.4196
"First Class","Office Supplies",111.672,9,6.9795
"First Class","Furniture",24.048,9,7.2144
"First Class","Office Supplies",2.896,1,0.9774
"First Class","Office Supplies",6.928,1,-11.0848
"First Class","Furniture",22.288,7,-8.9152
"First Class","Office Supplies",29.79,3,8.6391
"First Class","Furniture",128.9,2,15.468
"First Class","Office Supplies",60.12,9,28.8576
"First Class","Office Supplies",15.08,2,-22.62
"First Class","Furniture",24.288,3,-12.7512
"First Class","Office Supplies",70.88,2,33.3136
"First Class","Technology",71.976,3,19.7934
"First Class","Furniture",22.512,3,2.2512
"First Class","Office Supplies",3.444,2,-2.7552
"First Class","Office Supplies",538.194,2,-412.6154
"First Class","Technology",47.984,2,14.3952
"First Class","Technology",34.95,5,15.378
"First Class","Office Supplies",152,5,69.92
"First Class","Furniture",8.96,2,2.7776
"First Class","Technology",579.95,5,168.1855
"First Class","Furniture",29.12,4,12.5216
"First Class","Furniture",1202.94,3,300.735
"First Class","Furniture",825.174,9,-117.882
"First Class","Office Supplies",17.76,3,5.55
"First Class","Office Supplies",6.912,3,0.864
"First Class","Office Supplies",30.816,9,9.63
"First Class","Technology",44.784,2,4.4784
"First Class","Office Supplies",569.536,4,64.0728
"First Class","Furniture",796.425,7,-525.6405
"First Class","Furniture",5.352,3,1.6056
"First Class","Furniture",99.372,2,-7.098
"First Class","Office Supplies",2.672,1,0.3674
"First Class","Office Supplies",105.98,7,4.2392
"First Class","Office Supplies",35.06,2,10.518
"First Class","Furniture",33.94,1,9.1638
"First Class","Office Supplies",30,8,14.4
"First Class","Office Supplies",12.96,2,6.2208
"First Class","Office Supplies",3.96,2,0.0792
"First Class","Office Supplies",1665.62,2,33.3124
"First Class","Furniture",718.116,6,-71.8116
"First Class","Office Supplies",31.776,4,8.7384
"First Class","Furniture",510.24,3,6.378
"First Class","Office Supplies",204.95,5,100.4255
"First Class","Technology",11.54,1,3.462
"First Class","Furniture",162.6,3,34.146
"First Class","Office Supplies",7.056,3,2.205
"First Class","Office Supplies",42.784,7,15.5092
"First Class","Furniture",563.43,5,-56.343
"First Class","Office Supplies",4.419,3,-3.3879
"First Class","Office Supplies",16.032,6,2.2044
"First Class","Office Supplies",251.64,3,88.074
"First Class","Furniture",523.764,3,-192.0468
"First Class","Technology",1359.96,5,118.9965
"First Class","Office Supplies",7.184,2,2.245
"First Class","Office Supplies",6.28,2,0.0628
"First Class","Office Supplies",480.74,2,14.4222
"First Class","Furniture",616.998,6,-36.294
"First Class","Office Supplies",141.4,5,38.178
"First Class","Office Supplies",691.96,4,318.3016
"First Class","Technology",34.95,5,15.378
"First Class","Office Supplies",33.568,8,-53.7088
"First Class","Office Supplies",49.632,4,3.7224
"First Class","Office Supplies",52.096,4,3.9072
"First Class","Technology",127.984,2,25.5968
"First Class","Technology",470.376,3,52.9173
"First Class","Furniture",241.332,5,-14.196
"First Class","Office Supplies",5.184,1,1.8792
"First Class","Office Supplies",145.544,7,16.3737
"First Class","Office Supplies",12.84,3,3.4668
"First Class","Furniture",44.67,3,12.0609
"First Class","Office Supplies",40.635,7,-32.508
"First Class","Furniture",39.92,4,11.1776
"First Class","Office Supplies",8.448,2,2.64
"First Class","Office Supplies",39.296,4,3.9296
"First Class","Furniture",556.665,5,6.549
"First Class","Technology",95.84,4,34.742
"First Class","Office Supplies",29.664,4,10.0116
"First Class","Office Supplies",9.184,7,2.87
"First Class","Technology",153.584,2,13.4386
"First Class","Office Supplies",12.864,8,-22.512
"First Class","Office Supplies",80.88,3,39.6312
"First Class","Technology",599.9,10,191.968
"First Class","Office Supplies",25.032,3,7.8225
"First Class","Office Supplies",20.016,9,1.7514
"First Class","Office Supplies",3.104,1,0.3492
"First Class","Office Supplies",13.14,9,-21.681
"First Class","Office Supplies",10.024,4,-16.5396
"First Class","Furniture",156.3728,2,-52.8908
"First Class","Technology",821.94,6,213.7044
"First Class","Technology",47.976,3,4.7976
"First Class","Office Supplies",7.857,3,-6.0237
"First Class","Office Supplies",221.024,2,-55.256
"First Class","Office Supplies",1219.96,5,381.2375
"First Class","Office Supplies",54.66,6,18.0378
"First Class","Office Supplies",6.924,6,-10.386
"First Class","Office Supplies",37.392,3,2.337
"First Class","Furniture",79.12,5,13.846
"First Class","Technology",169.064,7,-14.7931
"First Class","Office Supplies",168.624,9,14.7546
"First Class","Office Supplies",31.92,4,8.2992
"First Class","Furniture",433.568,2,-65.0352
"First Class","Office Supplies",31.104,6,10.8864
"First Class","Office Supplies",54.816,3,17.8152
"First Class","Office Supplies",56.3,2,15.764
"First Class","Furniture",81.94,1,20.485
"First Class","Technology",98.16,6,9.816
"First Class","Furniture",482.664,8,85.176
"First Class","Technology",4799.984,2,359.9988
"First Class","Office Supplies",1.964,2,-3.2406
"First Class","Office Supplies",22.48,1,10.3408
"First Class","Office Supplies",11.352,3,4.1151
"First Class","Office Supplies",20.808,9,7.0227
"First Class","Office Supplies",19.83,1,5.949
"First Class","Technology",149.97,3,5.9988
"First Class","Office Supplies",27.81,3,13.0707
"First Class","Office Supplies",63.312,3,20.5764
"First Class","Office Supplies",96.784,4,-145.176
"First Class","Furniture",10.476,3,-6.8094
"First Class","Furniture",196.784,2,-22.1382
"First Class","Office Supplies",3.69,1,1.7343
"First Class","Office Supplies",1103.97,3,496.7865
"First Class","Office Supplies",9.21,3,2.3025
"First Class","Office Supplies",18,5,8.28
"First Class","Office Supplies",19.824,6,6.6906
"First Class","Technology",657.504,6,-131.5008
"First Class","Technology",99.54,2,10.9494
"First Class","Technology",199.96,4,85.9828
"First Class","Office Supplies",111.96,2,54.8604
"First Class","Office Supplies",46.76,7,22.4448
"First Class","Furniture",183.968,2,-25.2956
"First Class","Technology",1259.97,3,327.5922
"First Class","Office Supplies",68.97,3,19.3116
"First Class","Office Supplies",11.328,2,2.5488
"First Class","Office Supplies",21.24,3,8.0712
"First Class","Office Supplies",19.65,3,9.039
"First Class","Technology",617.97,3,160.6722
"First Class","Office Supplies",59.7,3,26.865
"First Class","Office Supplies",17.24,2,4.4824
"First Class","Furniture",302.94,3,75.735
"First Class","Technology",34.75,5,15.6375
"First Class","Office Supplies",113.94,6,54.6912
"First Class","Technology",55.98,2,15.6744
"First Class","Furniture",25.4,5,8.636
"First Class","Office Supplies",43.96,2,20.6612
"First Class","Furniture",1279.165,5,225.735
"First Class","Office Supplies",27.92,4,0.5584
"First Class","Furniture",32.776,1,3.2776
"First Class","Office Supplies",147.184,2,-29.4368
"First Class","Technology",54.384,2,1.3596
"First Class","Office Supplies",76.776,4,-58.8616
"First Class","Office Supplies",14.352,3,5.2026
"First Class","Office Supplies",209.792,2,26.224
"First Class","Office Supplies",54.792,6,-40.1808
"First Class","Office Supplies",10.784,1,0.8088
"First Class","Furniture",408.006,2,72.5344
"First Class","Office Supplies",40.44,3,10.5144
"First Class","Office Supplies",325.86,2,149.8956
"First Class","Office Supplies",5.76,2,2.8224
"First Class","Office Supplies",31.56,4,14.202
"First Class","Office Supplies",27.92,4,0.5584
"First Class","Furniture",127.869,3,-9.1335
"First Class","Furniture",25.632,3,3.8448
"First Class","Office Supplies",23.616,8,7.9704
"First Class","Technology",2879.952,6,1007.9832
"First Class","Office Supplies",90.48,3,33.93
"First Class","Office Supplies",123.92,4,33.4584
"First Class","Office Supplies",12.39,3,5.6994
"First Class","Office Supplies",47.3,2,12.298
"First Class","Furniture",51.968,2,10.3936
"First Class","Technology",71.976,3,21.5928
"First Class","Furniture",242.352,3,-42.4116
"First Class","Office Supplies",221.92,5,77.672
"First Class","Office Supplies",8.448,2,2.64
"First Class","Office Supplies",65.17,7,18.8993
"First Class","Office Supplies",14.62,2,6.8714
"First Class","Furniture",173.24,4,17.324
"First Class","Office Supplies",895.92,5,302.373
"First Class","Office Supplies",130.71,3,39.213
"First Class","Office Supplies",11.68,2,3.0368
"First Class","Technology",62.31,3,22.4316
"First Class","Technology",344.704,2,38.7792
"First Class","Office Supplies",45.36,7,21.7728
"First Class","Office Supplies",33.4,5,16.032
"First Class","Technology",837.6,3,62.82
"First Class","Office Supplies",27.76,4,9.9936
"First Class","Technology",113.52,5,29.799
"First Class","Technology",359.88,3,22.4925
"First Class","Furniture",63.882,1,10.647
"First Class","Office Supplies",195.64,4,91.9508
"First Class","Technology",239.9,2,71.97
"First Class","Office Supplies",17.94,3,8.073
"First Class","Office Supplies",14.016,4,4.9056
"First Class","Office Supplies",3.798,2,-2.6586
"First Class","Office Supplies",27.744,6,10.0572
"First Class","Technology",158.376,4,-34.3148
"First Class","Office Supplies",14.96,4,0.2992
"First Class","Office Supplies",7.184,2,2.245
"First Class","Office Supplies",2.214,3,-1.476
"First Class","Furniture",183.372,2,-7.8588
"First Class","Office Supplies",7.968,2,2.8884
"First Class","Office Supplies",14.88,2,3.72
"First Class","Office Supplies",57.75,5,16.17
"First Class","Office Supplies",14.94,3,7.0218
"First Class","Office Supplies",96.08,2,46.1184
"First Class","Office Supplies",11.68,2,3.942
"First Class","Office Supplies",4.36,2,1.7876
"First Class","Furniture",48.712,1,5.4801
"First Class","Office Supplies",17.94,3,4.6644
"First Class","Office Supplies",242.94,3,4.8588
"First Class","Furniture",207.984,2,-28.5978
"First Class","Office Supplies",36.112,2,12.6392
"First Class","Furniture",35.568,2,5.7798
"First Class","Office Supplies",88.768,2,31.0688
"First Class","Office Supplies",21.36,5,7.209
"First Class","Office Supplies",6.688,2,2.3408
"First Class","Technology",773.94,6,224.4426
"First Class","Furniture",209.979,7,-356.9643
"First Class","Furniture",10.11,3,3.2352
"First Class","Technology",772.47,3,146.7693
"First Class","Office Supplies",20.46,2,5.3196
"First Class","Furniture",199.836,4,-37.1124
"First Class","Technology",716,2,193.32
"First Class","Office Supplies",221.06,7,103.8982
"First Class","Office Supplies",26.4,5,11.88
"First Class","Office Supplies",41.88,6,0.8376
"First Class","Technology",391.98,2,113.6742
"First Class","Office Supplies",7.968,2,2.8884
"First Class","Office Supplies",8.784,1,3.1842
"First Class","Office Supplies",42.048,9,5.256
"First Class","Office Supplies",67.92,5,6.792
"First Class","Office Supplies",39.9,5,10.374
"First Class","Office Supplies",28.4,4,13.064
"First Class","Furniture",212.94,3,34.0704
"First Class","Office Supplies",3.408,1,0.8946
"First Class","Office Supplies",53.248,2,19.968
"First Class","Office Supplies",45.36,7,21.7728
"First Class","Office Supplies",45.78,3,22.89
"First Class","Office Supplies",40.29,3,10.0725
"First Class","Office Supplies",38.71,7,17.8066
"First Class","Furniture",210.008,1,2.6251
"First Class","Office Supplies",54.96,3,15.9384
"First Class","Office Supplies",10.44,1,4.8024
"First Class","Office Supplies",182.91,3,53.0439
"First Class","Office Supplies",35.2,5,16.544
"First Class","Technology",196.776,3,14.7582
"First Class","Office Supplies",2.92,2,-4.818
"First Class","Furniture",200.795,1,-22.948
"First Class","Technology",46.688,4,-2.918
"First Class","Office Supplies",21.864,3,3.5529
"First Class","Office Supplies",11.76,2,5.7624
"First Class","Office Supplies",167.94,3,82.2906
"First Class","Office Supplies",3.89,1,1.0114
"First Class","Office Supplies",3.744,4,-2.6208
"First Class","Office Supplies",21.24,9,7.434
"First Class","Office Supplies",9.552,8,-7.3232
"First Class","Furniture",89.991,3,-152.9847
"First Class","Office Supplies",4.464,1,0.3348
"First Class","Office Supplies",4.08,2,1.9176
"First Class","Office Supplies",18.9,3,8.694
"First Class","Furniture",8.544,2,-7.476
"First Class","Furniture",191.058,3,-46.3998
"First Class","Office Supplies",13.04,5,3.912
"First Class","Office Supplies",1525.188,6,-2287.782
"First Class","Furniture",11.808,2,1.3284
"First Class","Furniture",9.656,1,1.5691
"First Class","Office Supplies",20.736,4,7.2576
"First Class","Office Supplies",27.36,3,-21.888
"First Class","Furniture",2314.116,7,-1002.7836
"First Class","Office Supplies",34.236,4,-26.2476
"First Class","Furniture",19.76,2,5.928
"First Class","Office Supplies",87.28,8,41.0216
"First Class","Office Supplies",720.76,5,54.057
"First Class","Office Supplies",85.056,3,28.7064
"First Class","Office Supplies",348.488,7,117.6147
"First Class","Office Supplies",172.736,4,-30.2288
"First Class","Technology",71.98,2,15.1158
"First Class","Technology",79.98,2,26.3934
"First Class","Technology",224.75,5,62.93
"First Class","Office Supplies",36.288,7,12.7008
"First Class","Technology",150.384,2,15.0384
"First Class","Technology",1649.95,5,659.98
"First Class","Furniture",111.9,6,51.474
"First Class","Office Supplies",46.53,3,12.0978
"First Class","Furniture",31.984,2,1.999
"First Class","Furniture",19.52,2,5.368
"First Class","Office Supplies",9.81,5,-6.867
"First Class","Furniture",213.216,3,15.9912
"First Class","Office Supplies",32.34,10,-23.716
"First Class","Office Supplies",56.064,4,19.6224
"First Class","Office Supplies",108.72,5,36.693
"First Class","Furniture",181.47,5,-320.597
"First Class","Furniture",585.552,3,73.194
"First Class","Office Supplies",19.44,3,9.3312
"First Class","Office Supplies",44.4,3,22.2
"First Class","Office Supplies",84.55,5,22.8285
"First Class","Office Supplies",17.94,3,8.7906
"First Class","Office Supplies",18.16,2,1.816
"First Class","Technology",239.97,3,2.3997
"First Class","Office Supplies",160.32,2,44.8896
"First Class","Technology",128.85,3,3.8655
"First Class","Office Supplies",21.552,6,7.0044
"First Class","Office Supplies",58.24,4,15.7248
"First Class","Office Supplies",80.28,12,36.9288
"First Class","Office Supplies",37.94,2,18.2112
"First Class","Technology",179.94,6,75.5748
"First Class","Technology",26.85,3,5.1015
"First Class","Technology",323.37,3,129.348
"First Class","Office Supplies",59.94,3,28.1718
"First Class","Office Supplies",64.14,3,30.7872
"First Class","Office Supplies",11.67,3,5.6016
"First Class","Office Supplies",12.96,2,6.2208
"First Class","Furniture",25.16,2,10.5672
"First Class","Technology",126.56,4,47.46
"First Class","Office Supplies",43.68,3,11.7936
"First Class","Technology",139.93,7,34.9825
"First Class","Office Supplies",10.9,5,3.597
"First Class","Technology",53.04,3,-4.641
"First Class","Office Supplies",443.92,4,8.8784
"First Class","Office Supplies",152.8,5,76.4
"First Class","Office Supplies",11.12,4,2.8912
"First Class","Office Supplies",34.76,5,11.297
"First Class","Office Supplies",45.24,4,-30.16
"First Class","Office Supplies",18.688,4,2.336
"First Class","Office Supplies",11.648,2,3.7856
"First Class","Technology",112.776,3,-8.4582
"First Class","Furniture",377.45,5,-264.215
"First Class","Office Supplies",15.936,4,5.1792
"First Class","Technology",28.68,3,-7.17
"First Class","Office Supplies",40.752,3,15.282
"First Class","Technology",139.96,5,-22.7435
"First Class","Office Supplies",8.72,5,2.289
"First Class","Technology",91.176,3,4.5588
"First Class","Technology",159.968,4,29.994
"First Class","Technology",899.91,9,395.9604
"First Class","Furniture",638.82,9,185.2578
"First Class","Office Supplies",30.69,3,7.9794
"First Class","Furniture",25.16,2,8.5544
"First Class","Office Supplies",12.96,2,6.3504
"First Class","Furniture",26.48,1,10.0624
"First Class","Technology",532.72,2,53.272
"First Class","Office Supplies",26.72,4,12.8256
"First Class","Office Supplies",20.04,3,9.6192
"First Class","Office Supplies",795.48,7,7.9548
"First Class","Furniture",21.56,7,6.8992
"First Class","Technology",32.985,3,-1.9791
"First Class","Office Supplies",542.94,3,152.0232
"First Class","Furniture",54.92,4,19.7712
"First Class","Furniture",1448.82,10,209.274
"First Class","Office Supplies",35,7,16.8
"First Class","Furniture",72.784,1,0
"First Class","Office Supplies",97.84,2,25.4384
"First Class","Furniture",51.75,1,15.525
"First Class","Office Supplies",46.672,2,16.3352
"First Class","Technology",575.968,4,43.1976
"First Class","Office Supplies",10.368,2,3.6288
"First Class","Technology",15.984,2,1.1988
"First Class","Office Supplies",19.44,3,9.3312
"First Class","Technology",11.672,1,-0.7295
"First Class","Office Supplies",11.736,3,1.0269
"First Class","Office Supplies",42.76,1,11.1176
"First Class","Office Supplies",25.06,2,11.7782
"First Class","Furniture",87.21,3,-45.3492
"First Class","Office Supplies",15.552,3,5.4432
"First Class","Technology",683.988,2,-113.998
"First Class","Office Supplies",13.392,3,1.0044
"First Class","Technology",16.776,3,4.8231
"First Class","Technology",527.92,2,85.787
"First Class","Office Supplies",10.5,5,2.94
"First Class","Office Supplies",81.98,2,40.1702
"First Class","Office Supplies",104.85,1,50.328
"First Class","Office Supplies",8.704,2,3.1552
"First Class","Office Supplies",19.92,4,9.7608
"First Class","Furniture",43.02,3,15.4872
"First Class","Technology",552,10,34.5
"First Class","Furniture",127.95,3,21.7515
"First Class","Office Supplies",14.9,5,7.152
"First Class","Technology",4158.912,8,363.9048
"First Class","Technology",69.98,2,4.8986
"First Class","Office Supplies",18.48,2,6.006
"First Class","Office Supplies",9.84,3,2.8536
"First Class","Office Supplies",54.9,5,15.372
"First Class","Office Supplies",173.488,7,54.215
"First Class","Office Supplies",2.068,1,-3.4122
"First Class","Office Supplies",83.84,8,30.392
"First Class","Office Supplies",23.904,6,7.7688
"First Class","Office Supplies",151.056,9,7.5528
"First Class","Furniture",314.532,2,-83.8752
"First Class","Office Supplies",49.408,4,18.528
"First Class","Furniture",161.28,2,12.096
"First Class","Office Supplies",115.44,3,30.0144
"First Class","Furniture",340.704,6,-34.0704
"First Class","Furniture",354.9,5,88.725
"First Class","Furniture",51.968,2,10.3936
"First Class","Office Supplies",51.336,3,5.7753
"First Class","Office Supplies",332.704,1,33.2704
"First Class","Furniture",42.408,3,9.5418
"First Class","Technology",323.976,3,28.3479
"First Class","Office Supplies",11.808,4,3.9852
"First Class","Office Supplies",26.16,3,1.962
"First Class","Office Supplies",33.57,5,-25.737
"First Class","Furniture",4.992,3,1.3728
"First Class","Furniture",20.016,3,5.5044
"First Class","Technology",170.24,2,53.2
"First Class","Furniture",403.92,5,25.245
"First Class","Office Supplies",70.95,3,20.5755
"First Class","Office Supplies",34.944,6,11.7936
"First Class","Office Supplies",119.04,6,35.712
"First Class","Furniture",7.712,2,1.7352
"First Class","Office Supplies",2.394,1,-6.3441
"First Class","Office Supplies",442.372,7,-729.9138
"First Class","Technology",116.312,7,23.2624
"First Class","Furniture",701.96,2,168.4704
"First Class","Office Supplies",33.552,1,12.582
"First Class","Furniture",25.83,3,9.5571
"First Class","Office Supplies",156.512,4,-35.2152
"First Class","Technology",119.85,3,52.734
"First Class","Office Supplies",30.44,2,14.9156
"First Class","Office Supplies",69.28,2,33.2544
"First Class","Technology",587.97,3,170.5113
"First Class","Technology",41.22,1,11.1294
"First Class","Office Supplies",240.37,1,7.2111
"First Class","Technology",119.02,2,33.3256
"First Class","Office Supplies",4.928,2,1.7248
"First Class","Office Supplies",32.784,4,-52.4544
"First Class","Technology",47.984,2,14.3952
"First Class","Technology",62.592,8,13.3008
"First Class","Office Supplies",4.276,1,-6.6278
"First Class","Furniture",241.96,2,33.8744
"First Class","Office Supplies",3.89,1,1.8672
"First Class","Furniture",8.01,3,3.0438
"First Class","Furniture",899.43,5,-12.849
"First Class","Office Supplies",46.2,5,5.775
"First Class","Office Supplies",47.952,3,16.1838
"First Class","Technology",7.992,1,0.6993
"First Class","Office Supplies",76.864,2,26.9024
"First Class","Furniture",454.272,8,-73.8192
"First Class","Furniture",35,4,14.7
"First Class","Office Supplies",477.15,5,28.629
"First Class","Technology",302.376,3,22.6782
"First Class","Furniture",589.41,5,-6.549
"First Class","Office Supplies",56.56,2,15.2712
"First Class","Furniture",36.96,7,11.4576
"First Class","Office Supplies",3.76,2,1.0904
"First Class","Office Supplies",14.7,5,6.615
"First Class","Office Supplies",37.2,5,9.3
"First Class","Technology",89.97,3,18.8937
"First Class","Furniture",261.96,2,23.5764
"First Class","Office Supplies",74,5,37
"First Class","Furniture",61.96,4,-53.2856
"First Class","Furniture",328.59,3,-147.8655
"First Class","Office Supplies",98.352,3,-24.588
"First Class","Office Supplies",73.68,6,34.6296
"First Class","Furniture",139.92,2,23.7864
"First Class","Technology",107.88,3,10.788
"First Class","Office Supplies",33.29,1,7.9896
"First Class","Furniture",155.88,6,38.97
"First Class","Office Supplies",33.62,5,-90.774
"First Class","Office Supplies",9.912,3,3.2214
"First Class","Office Supplies",11.76,5,-7.84
"First Class","Office Supplies",5.344,1,1.8704
"First Class","Office Supplies",146.352,3,-32.9292
"First Class","Office Supplies",19.296,3,6.03
"First Class","Furniture",239.666,2,14.098
"First Class","Office Supplies",22.5,6,10.8
"First Class","Office Supplies",219.84,4,107.7216
"First Class","Furniture",41.88,6,12.1452
"First Class","Office Supplies",58.48,8,27.4856
"First Class","Office Supplies",42.616,7,-68.1856
"First Class","Technology",319.984,2,107.9946
"First Class","Office Supplies",45.92,5,15.498
"First Class","Furniture",21.184,2,-11.6512
"First Class","Office Supplies",20.736,4,7.2576
"First Class","Furniture",213.43,5,-39.637
"First Class","Office Supplies",3.6,2,1.728
"First Class","Office Supplies",273.92,8,99.296
"First Class","Office Supplies",34.944,3,3.0576
"First Class","Office Supplies",6.129,3,-4.4946
"First Class","Furniture",643.136,4,56.2744
"First Class","Office Supplies",20.736,4,7.2576
"First Class","Office Supplies",177.536,4,62.1376
"First Class","Office Supplies",32.432,2,3.2432
"First Class","Technology",629.95,5,163.787
"First Class","Office Supplies",8.32,5,2.808
"First Class","Office Supplies",62.94,3,30.2112
"First Class","Technology",99.98,2,34.993
"First Class","Office Supplies",9.96,2,4.8804
"First Class","Office Supplies",3.882,2,-2.588
"First Class","Technology",12.585,1,-18.0385
"First Class","Furniture",113.372,2,-29.1528
"First Class","Office Supplies",18.312,4,-12.208
"First Class","Furniture",127.936,8,4.7976
"First Class","Technology",241.17,2,-168.819
"First Class","Office Supplies",14.832,3,-10.3824
"First Class","Office Supplies",76.864,2,26.9024
"First Class","Office Supplies",4.98,1,2.3406
"First Class","Furniture",84.272,2,-75.8448
"First Class","Office Supplies",11.808,3,4.1328
"First Class","Office Supplies",53.568,4,19.4184
"First Class","Technology",503.96,5,50.396
"First Class","Technology",59.98,2,17.994
"First Class","Office Supplies",5.92,4,2.8416
"First Class","Office Supplies",30.18,3,13.8828
"First Class","Office Supplies",1.392,2,-3.7584
"First Class","Office Supplies",208.44,3,62.532
"First Class","Office Supplies",25.76,2,0.7728
"First Class","Office Supplies",15.552,3,5.4432
"First Class","Office Supplies",1261.33,7,327.9458
"First Class","Office Supplies",8.595,5,-6.303
"First Class","Office Supplies",190.896,2,-42.9516
"First Class","Office Supplies",146.688,6,55.008
"First Class","Office Supplies",276.784,2,89.9548
"First Class","Office Supplies",25.32,5,9.1785
"First Class","Office Supplies",6.57,3,-5.037
"First Class","Furniture",1685.88,6,320.3172
"First Class","Office Supplies",5.728,2,2.0048
"First Class","Office Supplies",69.52,2,17.38
"First Class","Office Supplies",12.78,3,5.2398
"First Class","Furniture",908.82,9,227.205
"First Class","Technology",203.976,3,25.497
"First Class","Furniture",674.352,3,-8.4294
"First Class","Office Supplies",1350.12,6,175.5156
"First Class","Office Supplies",15.92,4,7.4824
"First Class","Office Supplies",2.912,2,0.91
"First Class","Office Supplies",20.736,4,7.2576
"First Class","Office Supplies",9.568,2,2.99
"First Class","Office Supplies",8.82,3,2.5578
"First Class","Office Supplies",62.496,2,21.8736
"First Class","Technology",339.96,4,122.3856
"First Class","Office Supplies",49.568,2,17.3488
"First Class","Office Supplies",89.712,6,30.2778
"First Class","Office Supplies",22.83,3,10.7301
"First Class","Office Supplies",30.88,2,15.44
"First Class","Office Supplies",465.16,2,120.9416
"First Class","Office Supplies",27.12,4,12.4752
"First Class","Office Supplies",8.64,3,2.4192
"First Class","Office Supplies",49.56,7,18.8328
"First Class","Technology",35.984,2,4.498
"First Class","Technology",389.97,3,132.5898
"First Class","Office Supplies",305.01,9,76.2525
"First Class","Office Supplies",50.784,2,17.7744
"First Class","Office Supplies",26.01,9,12.2247
"First Class","Office Supplies",37.84,2,2.838
"First Class","Office Supplies",5.472,6,1.8468
"First Class","Furniture",292.1,4,-175.26
"First Class","Furniture",8.544,2,-7.476
"First Class","Furniture",424.116,6,-30.294
"First Class","Office Supplies",2.892,3,-4.9164
"First Class","Office Supplies",381.72,5,-66.801
"First Class","Furniture",41.96,2,10.9096
"First Class","Office Supplies",9.45,3,4.536
"First Class","Furniture",22.752,6,-8.532
"First Class","Office Supplies",15.51,1,3.8775
"First Class","Office Supplies",5.76,2,1.6128
"First Class","Office Supplies",19.44,3,9.3312
"First Class","Furniture",194.352,3,-36.441
"First Class","Office Supplies",36.624,3,13.734
"First Class","Office Supplies",15.57,3,-11.937
"First Class","Office Supplies",54.336,4,5.4336
"First Class","Office Supplies",11.52,5,4.176
"First Class","Technology",99.98,2,7.9984
"First Class","Office Supplies",18.9,3,8.694
"First Class","Office Supplies",10.688,2,3.7408
"First Class","Office Supplies",237.096,3,20.7459
"First Class","Furniture",88.92,5,14.4495
"First Class","Technology",569.64,2,148.1064
"First Class","Office Supplies",9.14,1,4.57
"First Class","Furniture",1196.86,7,119.686
"First Class","Furniture",523.26,9,125.5824
"First Class","Technology",1499.95,5,449.985
"First Class","Furniture",266.352,3,-13.3176
"First Class","Furniture",483.136,4,54.3528
"First Class","Furniture",21.204,3,-11.6622
"First Class","Furniture",170.786,1,0
"First Class","Technology",63.824,2,13.5626
"First Class","Technology",47.976,3,8.3958
"First Class","Office Supplies",20.736,4,7.2576
"First Class","Furniture",563.94,3,112.788
"First Class","Office Supplies",422.856,3,15.8571
"First Class","Office Supplies",264.32,2,19.824
"First Class","Office Supplies",19.44,3,9.3312
"First Class","Office Supplies",9.54,2,4.293
"First Class","Office Supplies",5.81,1,1.8011
"First Class","Office Supplies",5.76,2,1.728
"First Class","Furniture",189.576,1,9.4788
"First Class","Technology",71.96,5,7.196
"First Class","Office Supplies",335.72,5,113.3055
"First Class","Technology",251.944,7,88.1804
"First Class","Furniture",127.302,7,-9.093
"First Class","Technology",703.71,6,-938.28
"First Class","Office Supplies",17.904,4,-14.92
"First Class","Office Supplies",11.976,4,-9.1816
"First Class","Technology",67.96,5,0.8495
"First Class","Office Supplies",4.544,2,1.6472
"First Class","Furniture",1352.032,4,84.502
"First Class","Technology",119.448,3,-13.4379
"First Class","Office Supplies",118.16,2,-25.109
"First Class","Office Supplies",76.776,4,-53.7432
"First Class","Office Supplies",99.2,5,25.792
"First Class","Office Supplies",186.732,1,41.496
"First Class","Office Supplies",3812.97,3,1906.485
"First Class","Office Supplies",179.94,3,50.3832
"First Class","Furniture",872.94,3,157.1292
"First Class","Office Supplies",12.96,2,6.2208
"First Class","Office Supplies",163.96,5,59.4355
"First Class","Office Supplies",5.232,4,-8.1096
"First Class","Office Supplies",250.26,6,72.5754
"First Class","Office Supplies",114.848,4,35.89
"First Class","Office Supplies",12.672,9,1.4256
"First Class","Furniture",17.088,2,1.068
"First Class","Office Supplies",10.368,2,3.6288
"First Class","Office Supplies",2.224,1,0.556
"First Class","Office Supplies",7.152,3,0.7152
"First Class","Office Supplies",6.12,3,2.8764
"First Class","Office Supplies",2.89,1,-4.7685
"First Class","Office Supplies",7.896,3,2.4675
"First Class","Furniture",22.608,3,-10.1736
"First Class","Office Supplies",30.528,8,9.54
"First Class","Technology",39.984,2,-1.4994
"First Class","Office Supplies",47.01,3,22.0947
"First Class","Technology",469.99,1,136.2971
"First Class","Furniture",207.846,3,2.3094
"First Class","Office Supplies",4.77,1,2.1465
"First Class","Office Supplies",7.98,3,2.0748
"First Class","Furniture",550.431,3,-47.1798
"First Class","Furniture",10.56,6,4.6464
"First Class","Furniture",1497.666,2,140.9568
"First Class","Technology",17.52,2,-3.504
"First Class","Office Supplies",25.584,2,8.9544
"First Class","Technology",464,5,134.56
"First Class","Office Supplies",235.95,3,77.8635
"First Class","Office Supplies",39.96,4,17.982
"First Class","Office Supplies",715.64,2,178.91
"First Class","Office Supplies",25.696,2,1.9272
"First Class","Office Supplies",22.32,4,10.7136
"First Class","Office Supplies",103.6,7,51.8
"First Class","Furniture",298.116,6,-4.2588
"First Class","Furniture",81.424,2,-9.1602
"First Class","Office Supplies",134.8,10,35.048
"First Class","Furniture",90.882,3,-190.8522
"First Class","Technology",15.992,1,-2.9985
"First Class","Furniture",120.784,1,13.5882
"First Class","Office Supplies",81.92,4,22.1184
"First Class","Furniture",254.9,5,76.47
"First Class","Office Supplies",8.32,5,2.808
"First Class","Office Supplies",39.936,4,-26.624
"First Class","Technology",18.464,2,2.308
"First Class","Technology",199.75,5,87.89
"First Class","Furniture",1673.184,12,20.9148
"First Class","Furniture",12.18,7,3.8976
"First Class","Office Supplies",57.68,4,19.0344
"First Class","Technology",299.94,6,128.9742
"First Class","Office Supplies",25.76,7,0.5152
"First Class","Technology",271.9,2,78.851
"First Class","Furniture",45.84,3,15.5856
"First Class","Furniture",9.82,2,3.2406
"First Class","Technology",125.944,7,15.743
"First Class","Furniture",60.672,6,12.8928
"First Class","Office Supplies",30.816,9,2.6964
"First Class","Office Supplies",83.9,10,20.975
"First Class","Office Supplies",11.76,2,5.7624
"First Class","Office Supplies",47.952,3,16.1838
"First Class","Office Supplies",0.984,2,-1.476
"First Class","Furniture",75.384,9,-20.7306
"First Class","Office Supplies",4.608,2,1.6704
"First Class","Office Supplies",37.68,6,16.956
"First Class","Technology",263.96,4,71.2692
"First Class","Technology",359.97,3,100.7916
"First Class","Office Supplies",12.96,2,6.2208
"First Class","Office Supplies",116.82,3,5.841
"First Class","Office Supplies",276.784,2,89.9548
"First Class","Office Supplies",77.58,9,20.1708
"First Class","Technology",26.85,3,5.1015
"First Class","Technology",3357.6,3,377.73
"First Class","Furniture",89.0664,1,-17.0274
"First Class","Office Supplies",175.44,6,52.632
"First Class","Technology",438.336,4,-87.6672
"First Class","Technology",41.94,2,15.0984
"First Class","Office Supplies",11.96,2,5.8604
"First Class","Office Supplies",13.12,4,3.8048
"First Class","Office Supplies",535.41,3,160.623
"First Class","Office Supplies",10.68,2,5.0196
"First Class","Furniture",141.96,2,39.7488
"First Class","Office Supplies",32.48,2,4.872
"First Class","Office Supplies",20.04,3,9.6192
"First Class","Technology",13999.96,4,6719.9808
"First Class","Office Supplies",128.34,6,37.2186
"First Class","Technology",474.95,5,142.485
"First Class","Office Supplies",6.048,7,-4.2336
"First Class","Office Supplies",98.352,3,9.8352
"First Class","Furniture",335.744,2,25.1808
"First Class","Office Supplies",65.232,3,22.0158
"First Class","Furniture",207,3,25.875
"First Class","Office Supplies",45.04,2,4.504
"First Class","Office Supplies",61.68,5,5.397
"First Class","Technology",158.376,3,13.8579
"First Class","Office Supplies",11.21,1,3.363
"First Class","Furniture",354.9,5,88.725
"First Class","Office Supplies",17.94,3,8.7906
"First Class","Office Supplies",51.8,4,23.31
"First Class","Office Supplies",61.44,3,16.5888
"First Class","Technology",604.768,4,60.4768
"First Class","Office Supplies",4.984,1,-8.4728
"First Class","Office Supplies",29.74,1,4.461
"First Class","Technology",59.97,3,14.9925
"First Class","Office Supplies",13.36,2,6.4128
"First Class","Office Supplies",17.184,6,6.2292
"First Class","Office Supplies",11.76,2,5.7624
"First Class","Office Supplies",7.68,5,-11.52
"First Class","Office Supplies",147.92,5,46.225
"First Class","Office Supplies",104.28,3,26.07
"First Class","Furniture",286.85,1,63.107
"First Class","Office Supplies",66.96,4,2.6784
"First Class","Technology",199.98,2,87.9912
"First Class","Office Supplies",18.432,8,-12.288
"First Class","Office Supplies",4.36,2,0.1744
"First Class","Furniture",240.744,4,-13.7568
"First Class","Furniture",35,4,14.7
"First Class","Furniture",210.68,2,50.5632
"First Class","Furniture",637.896,3,-127.5792
"First Class","Office Supplies",43.44,8,21.2856
"First Class","Office Supplies",2.22,1,0.666
"First Class","Technology",1679.96,5,125.997
"First Class","Technology",175.23,11,61.3305
"First Class","Technology",125.99,1,31.4975
"First Class","Office Supplies",23,2,10.35
"First Class","Office Supplies",33.568,2,1.6784
"First Class","Furniture",422.625,7,0
"First Class","Furniture",24.64,4,4.004
"First Class","Furniture",1056.86,7,158.529
"First Class","Technology",67.176,3,6.7176
"First Class","Office Supplies",15.232,4,5.5216
"First Class","Office Supplies",31.104,6,10.8864
"First Class","Office Supplies",24.56,2,11.5432
"First Class","Furniture",102.3,1,26.598
"First Class","Office Supplies",4.768,2,0.4768
"First Class","Office Supplies",7.98,3,3.9102
"First Class","Office Supplies",18.688,2,7.008
"First Class","Furniture",11.664,3,3.3534
"First Class","Office Supplies",11.88,2,5.346
"First Class","Office Supplies",35.44,1,16.6568
"First Class","Furniture",177.45,5,-78.078
"First Class","Office Supplies",1369.764,6,-913.176
"First Class","Office Supplies",9.48,3,0.711
"First Class","Office Supplies",174.95,5,45.487
"First Class","Office Supplies",826,5,214.76
"First Class","Technology",399.95,5,143.982
"First Class","Furniture",97.424,2,10.9602
"First Class","Office Supplies",49.5,5,13.365
"First Class","Office Supplies",16.52,5,1.652
"First Class","Furniture",517.405,5,-81.3065
"First Class","Technology",115.136,8,11.5136
"First Class","Technology",79.968,4,-17.9928
"First Class","Furniture",305.9745,3,25.1979
"First Class","Office Supplies",344.91,3,10.3473
"First Class","Office Supplies",13.248,4,3.6432
"First Class","Technology",83.988,2,-20.997
"First Class","Office Supplies",73.2,5,21.228
"First Class","Furniture",11.032,1,3.0338
"First Class","Technology",53.04,3,-4.641
"First Class","Office Supplies",3050.376,3,1143.891
"First Class","Technology",133.98,2,33.495
"First Class","Office Supplies",17.712,6,5.9778
"First Class","Office Supplies",4.86,3,-3.564
"First Class","Office Supplies",6.258,2,-5.215
"First Class","Office Supplies",942.784,4,94.2784
"First Class","Office Supplies",74.352,3,23.235
"First Class","Furniture",528.43,5,0
"First Class","Office Supplies",41.472,8,14.5152
"First Class","Office Supplies",55.328,2,6.2244
"First Class","Furniture",1227.9984,6,-36.1176
"First Class","Office Supplies",14.62,2,6.8714
"First Class","Office Supplies",22.55,5,8.7945
"First Class","Technology",583.8,5,72.975
"First Class","Technology",211.168,4,15.8376
"First Class","Technology",1799.97,5,239.996
"First Class","Technology",221.98,2,62.1544
"First Class","Furniture",341.96,2,54.7136
"First Class","Technology",34.77,3,11.4741
"First Class","Office Supplies",18.9,3,8.694
"First Class","Office Supplies",6.912,3,2.5056
"First Class","Office Supplies",386.34,2,54.0876
"First Class","Technology",74.24,1,8.352
"First Class","Furniture",159.84,10,45.954
"First Class","Office Supplies",2.892,2,-2.3136
"First Class","Office Supplies",9.392,2,3.2872
"First Class","Office Supplies",55.6,5,6.255
"First Class","Technology",617.976,3,-7.7247
"First Class","Furniture",493.43,5,-70.49
"First Class","Technology",11.12,2,3.475
"First Class","Office Supplies",192.72,11,92.5056
"First Class","Technology",239.97,3,86.3892
"First Class","Furniture",121.78,2,30.445
"First Class","Technology",66.976,7,6.6976
"First Class","Office Supplies",4.158,7,-3.465
"First Class","Technology",179.991,3,-251.9874
"First Class","Office Supplies",164.88,3,80.7912
"First Class","Office Supplies",13.97,1,3.6322
"First Class","Furniture",21,3,5.775
"First Class","Technology",120,2,-7.2
"First Class","Furniture",273.96,2,71.2296
"First Class","Technology",89.97,3,18.8937
"First Class","Furniture",756.8,5,75.68
"First Class","Office Supplies",39.128,1,-8.8038
"First Class","Technology",47.496,1,-1.1874
"First Class","Office Supplies",36.288,7,12.7008
"First Class","Office Supplies",78.304,2,29.364
"First Class","Furniture",127.785,1,-31.0335
"First Class","Office Supplies",6.104,2,-9.156
"First Class","Office Supplies",91.36,5,29.692
"First Class","Office Supplies",152.24,5,17.127
"First Class","Technology",35.184,2,12.3144
"First Class","Technology",100.8,2,21.42
"First Class","Furniture",135.8,7,66.542
"First Class","Furniture",98.328,3,9.8328
"First Class","Furniture",117.882,1,1.3098
"First Class","Office Supplies",25.92,4,12.4416
"First Class","Office Supplies",22.58,2,5.8708
"First Class","Furniture",2621.322,11,553.3902
"First Class","Office Supplies",89.696,4,33.636
"First Class","Office Supplies",50.12,4,23.5564
"First Class","Furniture",11.352,3,2.6961
"First Class","Office Supplies",7.218,3,-5.5338
"First Class","Office Supplies",27.2,4,2.04
"First Class","Office Supplies",146.73,3,2.9346
"First Class","Office Supplies",29.9,5,13.455
"First Class","Office Supplies",348.56,8,104.568
"First Class","Office Supplies",22.368,2,1.6776
"First Class","Office Supplies",32.368,7,11.7334
"First Class","Technology",207.984,2,36.3972
"First Class","Office Supplies",36.4,5,17.472
"First Class","Technology",22.96,2,4.3624
"First Class","Office Supplies",315.2,4,6.304
"First Class","Office Supplies",15.18,3,7.1346
"First Class","Office Supplies",88.074,7,-58.716
"First Class","Technology",43.6,4,12.208
"First Class","Furniture",120.98,1,12.098
"First Class","Office Supplies",315.98,1,148.5106
"First Class","Office Supplies",20.664,7,6.9741
"First Class","Office Supplies",15.28,2,7.4872
"First Class","Office Supplies",11.07,3,5.2029
"First Class","Furniture",1504.52,4,346.0396
"First Class","Office Supplies",25.92,4,12.4416
"First Class","Office Supplies",15.192,3,5.5071
"First Class","Office Supplies",58.32,9,27.9936
"First Class","Furniture",147.568,2,-3.6892
"First Class","Furniture",14.56,2,5.5328
"First Class","Furniture",18.176,1,4.7712
"First Class","Furniture",1079.316,6,-15.4188
"First Class","Office Supplies",9.84,3,2.8536
"First Class","Office Supplies",34.5,3,15.525
"First Class","Furniture",80.96,4,34.8128
"First Class","Technology",455.712,2,34.1784
"First Class","Office Supplies",25.98,1,7.2744
"First Class","Office Supplies",45.28,4,15.3952
"First Class","Furniture",314.352,3,-15.7176
"First Class","Office Supplies",4.608,2,1.4976
"First Class","Furniture",455.97,5,-106.393
"First Class","Office Supplies",5.715,5,-4.7625
"First Class","Technology",57.594,1,-11.5188
"First Class","Furniture",30.144,2,8.2896
"First Class","Furniture",899.43,5,-12.849
"First Class","Furniture",520.464,2,-14.8704
"First Class","Office Supplies",11.424,3,3.7128
"First Class","Office Supplies",11.56,2,5.6644
"First Class","Office Supplies",37.94,2,18.2112
"First Class","Furniture",41.568,4,-4.1568
"First Class","Furniture",317.058,3,-86.0586
"First Class","Office Supplies",8.04,5,2.9145
"First Class","Technology",7.992,1,2.5974
"First Class","Technology",629.95,5,157.4875
"First Class","Furniture",631.782,2,140.396
"First Class","Furniture",801.568,2,-10.0196
"First Class","Office Supplies",75.18,6,35.3346
"First Class","Office Supplies",30.98,1,8.0548
"First Class","Technology",1349.91,9,661.4559
"First Class","Technology",574.91,2,156.047
"First Class","Office Supplies",8.448,2,2.64
"First Class","Office Supplies",3.273,1,-2.5093
"First Class","Furniture",87.92,5,15.386
"First Class","Furniture",2803.92,5,0
"First Class","Office Supplies",6.816,2,-11.5872
"First Class","Technology",95.84,4,34.742
"First Class","Office Supplies",19.456,4,3.4048
"First Class","Office Supplies",6.54,3,2.1582
"First Class","Technology",572.8,2,50.12
"First Class","Office Supplies",4.41,1,2.0286
"First Class","Office Supplies",167.94,3,82.2906
"First Class","Office Supplies",67.8,10,31.188
"First Class","Office Supplies",9.264,3,-13.896
"First Class","Office Supplies",83.92,5,29.372
"First Class","Furniture",199.9,5,39.98
"First Class","Technology",31.176,3,-7.0146
"First Class","Office Supplies",172.752,6,60.4632
"First Class","Office Supplies",9.296,2,3.0212
"First Class","Furniture",477.666,2,84.294
"First Class","Office Supplies",16.9,5,7.774
"First Class","Office Supplies",39.96,2,18.7812
"First Class","Office Supplies",13.848,3,5.193
"First Class","Technology",132.52,5,34.7865
"First Class","Office Supplies",195.64,5,-44.019
"First Class","Furniture",51.968,2,10.3936
"First Class","Technology",431.976,3,-75.5958
"First Class","Technology",224.937,3,-164.9538
"First Class","Office Supplies",6,2,2.1
"First Class","Technology",79.96,4,22.3888
"First Class","Technology",1079.85,3,323.955
"First Class","Office Supplies",70.98,1,3.549
"First Class","Office Supplies",29.95,5,8.6855
"First Class","Furniture",589.41,5,-6.549
"First Class","Office Supplies",53.72,4,13.9672
"First Class","Office Supplies",31.008,1,11.2404
"First Class","Office Supplies",34.2,5,9.234
"First Class","Office Supplies",197.72,4,55.3616
"First Class","Office Supplies",22.98,1,6.894
"First Class","Technology",102.13,7,15.3195
"First Class","Office Supplies",2033.584,2,762.594
"First Class","Office Supplies",21.392,2,-54.5496
"First Class","Furniture",307.314,3,-39.5118
"First Class","Furniture",409.9992,3,-96.4704
"First Class","Office Supplies",9.248,2,3.3524
"First Class","Technology",177,3,30.09
"First Class","Office Supplies",79.45,7,22.246
"First Class","Furniture",1628.82,9,260.6112
"First Class","Office Supplies",64.68,7,8.085
"First Class","Office Supplies",7.04,4,2.0416
"First Class","Office Supplies",73.536,4,9.192
"First Class","Technology",89.97,3,37.7874
"First Class","Office Supplies",286.86,7,80.3208
"First Class","Technology",979.95,5,284.1855
"First Class","Office Supplies",4.36,2,0.1744
"First Class","Office Supplies",2.496,1,0.9048
"First Class","Office Supplies",25.92,4,12.4416
"First Class","Office Supplies",34.65,3,9.702
"First Class","Office Supplies",204.95,5,100.4255
"First Class","Office Supplies",79.95,5,38.376
"First Class","Furniture",14,4,-6.3
"First Class","Office Supplies",16.392,2,-26.2272
"First Class","Office Supplies",15.936,4,5.1792
"First Class","Furniture",61.544,7,-40.0036
"First Class","Office Supplies",132.696,3,9.9522
"First Class","Furniture",68.704,2,16.3172
"First Class","Office Supplies",3.132,2,-2.61
"First Class","Office Supplies",22.428,3,-17.9424
"First Class","Office Supplies",848.544,4,-21.2136
"First Class","Office Supplies",8.7,5,-6.38
"First Class","Technology",122.382,3,-24.4764
"First Class","Office Supplies",85.056,3,28.7064
"First Class","Office Supplies",14.04,3,6.7392
"First Class","Technology",272.61,13,98.1396
"First Class","Office Supplies",9.96,2,4.6812
"First Class","Office Supplies",8.94,3,2.4138
"First Class","Furniture",131.88,7,55.3896
"First Class","Office Supplies",25.032,3,7.8225
"First Class","Furniture",717.72,3,71.772
"First Class","Furniture",207.35,5,24.882
"First Class","Furniture",44.67,3,12.0609
"First Class","Office Supplies",209.7,2,100.656
"First Class","Furniture",362.136,3,-54.3204
"First Class","Office Supplies",31.05,3,14.904
"First Class","Office Supplies",49.848,3,16.8237
"First Class","Office Supplies",23.99,1,11.995
"First Class","Office Supplies",1087.936,8,353.5792
"First Class","Technology",199.98,2,53.9946
"First Class","Office Supplies",83.92,4,20.1408
"First Class","Technology",164.85,3,47.8065
"First Class","Office Supplies",65.584,2,23.7742
"First Class","Furniture",383.4656,4,-67.6704
"First Class","Office Supplies",16.52,5,5.369
