"Category","Sub.Category","Sales","Profit"
"Technology","Phones",907.152,90.7152
"Technology","Phones",911.424,68.3568
"Technology","Phones",213.48,16.011
"Technology","Accessories",90.57,11.7741
"Technology","Phones",1097.544,123.4737
"Technology","Phones",371.168,41.7564
"Technology","Phones",147.168,16.5564
"Technology","Accessories",45.98,19.7714
"Technology","Accessories",45,4.95
"Technology","Phones",21.8,6.104
"Technology","Phones",1029.95,298.6855
"Technology","Accessories",30,3.3
"Technology","Accessories",13.98,6.1512
"Technology","Phones",167.968,62.988
"Technology","Accessories",19.99,6.7966
"Technology","Phones",73.584,8.2782
"Technology","Accessories",95.976,-10.7973
"Technology","Accessories",238.896,-26.8758
"Technology","Accessories",74.112,17.6016
"Technology","Phones",27.992,2.0994
"Technology","Accessories",339.96,67.992
"Technology","Phones",68.04,19.7316
"Technology","Phones",59.97,-11.994
"Technology","Phones",384.45,103.8015
"Technology","Phones",149.97,5.9988
"Technology","Phones",203.184,15.2388
"Technology","Phones",944.93,236.2325
"Technology","Accessories",54.384,1.3596
"Technology","Machines",8159.952,-1359.992
"Technology","Phones",143.976,8.9985
"Technology","Accessories",408.744,76.6395
"Technology","Phones",503.96,131.0296
"Technology","Phones",149.95,41.986
"Technology","Accessories",29,7.25
"Technology","Accessories",176.8,22.984
"Technology","Phones",71.76,20.0928
"Technology","Phones",444.768,44.4768
"Technology","Phones",131.98,35.6346
"Technology","Accessories",20.8,6.5
"Technology","Phones",62.982,-14.6958
"Technology","Machines",1188,-950.4
"Technology","Accessories",89.584,4.4792
"Technology","Phones",302.376,22.6782
"Technology","Machines",479.988,-383.9904
"Technology","Accessories",617.976,-7.7247
"Technology","Phones",31.984,11.1944
"Technology","Accessories",3347.37,636.0003
"Technology","Phones",647.904,56.6916
"Technology","Accessories",20.37,6.9258
"Technology","Machines",3059.982,-509.997
"Technology","Machines",2519.958,-251.9958
"Technology","Phones",328.224,28.7196
"Technology","Accessories",79.9,35.156
"Technology","Accessories",209.93,92.3692
"Technology","Phones",1114.4,376.11
"Technology","Accessories",239.8,47.96
"Technology","Accessories",255.984,54.3966
"Technology","Phones",178.384,22.298
"Technology","Machines",3991.98,1995.99
"Technology","Phones",275.94,80.0226
"Technology","Accessories",360,129.6
"Technology","Accessories",99.99,34.9965
"Technology","Phones",290.898,-67.8762
"Technology","Phones",82.8,-20.7
"Technology","Copiers",959.984,335.9944
"Technology","Phones",71.928,8.3916
"Technology","Phones",47.976,4.7976
"Technology","Accessories",6.79,2.3086
"Technology","Accessories",1023.936,179.1888
"Technology","Accessories",479.04,-29.94
"Technology","Accessories",41.9,8.799
"Technology","Accessories",83.976,-1.0497
"Technology","Machines",482.34,-337.638
"Technology","Accessories",39.98,13.5932
"Technology","Phones",246.384,27.7182
"Technology","Copiers",1799.97,701.9883
"Technology","Accessories",57.584,0.7198
"Technology","Accessories",179.95,37.7895
"Technology","Copiers",1199.976,434.9913
"Technology","Accessories",196.752,56.5662
"Technology","Machines",69.99,30.0957
"Technology","Accessories",408.744,76.6395
"Technology","Accessories",291.96,54.7425
"Technology","Accessories",247.8,-18.585
"Technology","Machines",1007.979,43.1991
"Technology","Phones",35.12,9.1312
"Technology","Accessories",63.88,24.9132
"Technology","Accessories",899.91,377.9622
"Technology","Phones",703.968,87.996
"Technology","Phones",95.76,7.182
"Technology","Accessories",9.09,1.9089
"Technology","Accessories",159.98,57.5928
"Technology","Phones",279.96,17.4975
"Technology","Phones",2735.952,341.994
"Technology","Phones",7.992,0.5994
"Technology","Accessories",63.984,10.3974
"Technology","Accessories",93.98,13.1572
"Technology","Accessories",38.04,12.1728
"Technology","Copiers",2999.95,1379.977
"Technology","Accessories",18.392,5.2877
"Technology","Phones",55.176,-12.4146
"Technology","Accessories",66.26,27.1666
"Technology","Phones",979.95,274.386
"Technology","Accessories",468.9,206.316
"Technology","Phones",380.864,38.0864
"Technology","Accessories",58.112,7.264
"Technology","Phones",100.792,6.2995
"Technology","Phones",374.376,46.797
"Technology","Phones",14.85,4.0095
"Technology","Phones",470.376,52.9173
"Technology","Phones",105.584,9.2386
"Technology","Phones",406.368,30.4776
"Technology","Phones",84.784,-20.1362
"Technology","Accessories",31.2,9.75
"Technology","Copiers",1199.976,434.9913
"Technology","Phones",445.96,55.745
"Technology","Phones",143.982,-28.7964
"Technology","Phones",494.376,-115.3544
"Technology","Phones",55.188,-10.1178
"Technology","Phones",369.576,41.5773
"Technology","Phones",728.946,-157.9383
"Technology","Phones",119.94,15.992
"Technology","Phones",37.91,10.9939
"Technology","Accessories",119.8,29.95
"Technology","Phones",300.768,30.0768
"Technology","Accessories",17.88,2.4585
"Technology","Accessories",132.52,54.3332
"Technology","Phones",302.376,22.6782
"Technology","Accessories",316,31.6
"Technology","Accessories",103.12,10.312
"Technology","Phones",381.576,28.6182
"Technology","Accessories",99.39,40.7499
"Technology","Accessories",27.816,4.5201
"Technology","Machines",7999.98,-3839.9904
"Technology","Accessories",479.97,163.1898
"Technology","Phones",284.82,74.0532
"Technology","Accessories",166.24,24.936
"Technology","Accessories",15.216,2.2824
"Technology","Accessories",119.96,52.7824
"Technology","Phones",307.98,89.3142
"Technology","Accessories",299.97,113.9886
"Technology","Phones",55.992,5.5992
"Technology","Accessories",179.97,86.3856
"Technology","Accessories",49.98,8.4966
"Technology","Phones",11.992,0.8994
"Technology","Copiers",1199.976,374.9925
"Technology","Accessories",119.8,47.92
"Technology","Phones",107.982,-26.9955
"Technology","Accessories",646.74,258.696
"Technology","Phones",207,51.75
"Technology","Accessories",24,-2.7
"Technology","Accessories",47.984,0.5998
"Technology","Phones",1363.96,85.2475
"Technology","Phones",215.968,18.8972
"Technology","Phones",1983.968,247.996
"Technology","Accessories",149.97,50.9898
"Technology","Accessories",25.78,2.578
"Technology","Accessories",1399.93,601.9699
"Technology","Accessories",239.97,71.991
"Technology","Accessories",67.8,4.068
"Technology","Accessories",167.97,40.3128
"Technology","Phones",191.98,51.8346
"Technology","Phones",65.99,17.1574
"Technology","Machines",265.475,-111.4995
"Technology","Phones",21.072,1.5804
"Technology","Phones",83.72,23.4416
"Technology","Accessories",115.36,49.6048
"Technology","Accessories",191.472,40.6878
"Technology","Phones",59.184,5.1786
"Technology","Phones",280.782,-46.797
"Technology","Accessories",29.99,13.1956
"Technology","Accessories",371.97,66.9546
"Technology","Accessories",149.95,14.995
"Technology","Phones",543.92,135.98
"Technology","Phones",323.976,20.2485
"Technology","Phones",90.93,2.7279
"Technology","Phones",1199.8,323.946
"Technology","Accessories",1928.78,829.3754
"Technology","Accessories",143.73,56.0547
"Technology","Accessories",85.14,34.9074
"Technology","Phones",21.99,10.5552
"Technology","Accessories",252,53.55
"Technology","Accessories",159.99,54.3966
"Technology","Phones",29.592,2.5893
"Technology","Phones",124.2,-31.05
"Technology","Phones",160.93,3.2186
"Technology","Machines",3059.982,679.996
"Technology","Phones",559.984,55.9984
"Technology","Machines",336.51,44.868
"Technology","Phones",617.97,173.0316
"Technology","Accessories",2309.65,762.1845
"Technology","Phones",95.984,5.999
"Technology","Accessories",99.6,36.852
"Technology","Phones",124.95,2.499
"Technology","Machines",1379.92,648.5624
"Technology","Phones",15.588,-9.8724
"Technology","Phones",197.97,57.4113
"Technology","Accessories",31.86,11.151
"Technology","Phones",1363.96,85.2475
"Technology","Phones",1113.504,125.2692
"Technology","Accessories",99.99,37.9962
"Technology","Phones",118.782,-27.7158
"Technology","Accessories",31.984,1.999
"Technology","Machines",4899.93,2400.9657
"Technology","Phones",71.976,7.1976
"Technology","Phones",71.984,25.1944
"Technology","Phones",219.184,19.1786
"Technology","Accessories",29.29,9.6657
"Technology","Phones",71.96,25.186
"Technology","Accessories",119.98,57.5904
"Technology","Accessories",619.95,111.591
"Technology","Phones",699.93,181.9818
"Technology","Machines",686.32,223.054
"Technology","Phones",10.95,0.438
"Technology","Copiers",599.98,209.993
"Technology","Phones",9.99,4.5954
"Technology","Accessories",447.93,49.2723
"Technology","Phones",179.97,44.9925
"Technology","Accessories",258.696,64.674
"Technology","Phones",1322.93,357.1911
"Technology","Phones",7.92,0.693
"Technology","Phones",889.536,66.7152
"Technology","Accessories",431.928,64.7892
"Technology","Phones",271.96,16.9975
"Technology","Accessories",95.88,28.764
"Technology","Accessories",258.696,64.674
"Technology","Phones",1931.958,-386.3916
"Technology","Phones",255.936,28.7928
"Technology","Accessories",78.15,34.386
"Technology","Copiers",839.988,69.999
"Technology","Phones",22,5.5
"Technology","Phones",1099.96,285.9896
"Technology","Phones",35.91,-8.379
"Technology","Accessories",255.68,76.704
"Technology","Phones",863.88,107.985
"Technology","Phones",69.9,18.873
"Technology","Accessories",63.992,-7.1991
"Technology","Accessories",32.97,12.8583
"Technology","Accessories",83.88,30.1968
"Technology","Phones",278.4,80.736
"Technology","Phones",114.95,2.299
"Technology","Phones",287.97,77.7519
"Technology","Phones",419.944,52.493
"Technology","Accessories",14.2,3.3725
"Technology","Phones",575.92,71.99
"Technology","Phones",2.97,-0.6435
"Technology","Phones",677.58,176.1708
"Technology","Machines",695.7,-27.828
"Technology","Phones",183.96,20.6955
"Technology","Phones",309.576,-56.7556
"Technology","Machines",95.994,-63.996
"Technology","Accessories",239.952,-35.9928
"Technology","Phones",201.584,15.1188
"Technology","Accessories",49.08,4.908
"Technology","Phones",399.96,34.9965
"Technology","Phones",104.85,28.3095
"Technology","Phones",484.83,126.0558
"Technology","Accessories",88.4,11.492
"Technology","Phones",21.8,6.104
"Technology","Accessories",116.784,21.897
"Technology","Accessories",239.97,26.3967
"Technology","Phones",946.344,118.293
"Technology","Accessories",151.2,32.13
"Technology","Phones",263.96,23.0965
"Technology","Phones",220.752,-40.4712
"Technology","Accessories",263.88,42.8805
"Technology","Phones",1979.928,148.4946
"Technology","Phones",47.984,5.998
"Technology","Phones",88.752,11.094
"Technology","Machines",3040,1459.2
"Technology","Accessories",159.984,43.9956
"Technology","Accessories",95.976,-10.7973
"Technology","Accessories",255.968,31.996
"Technology","Phones",31.968,2.3976
"Technology","Accessories",177,30.09
"Technology","Phones",1212.848,106.1242
"Technology","Accessories",89.97,37.7874
"Technology","Phones",33.52,3.352
"Technology","Machines",396,190.08
"Technology","Phones",39.99,11.5971
"Technology","Copiers",559.992,174.9975
"Technology","Accessories",91.96,39.5428
"Technology","Phones",453.576,39.6879
"Technology","Accessories",21.48,-0.2685
"Technology","Accessories",29.99,6.2979
"Technology","Phones",40.68,-9.153
"Technology","Phones",307.98,89.3142
"Technology","Phones",979.95,274.386
"Technology","Accessories",247.8,34.692
"Technology","Phones",201.568,22.6764
"Technology","Phones",39.96,12.987
"Technology","Phones",201.584,20.1584
"Technology","Phones",83.984,31.494
"Technology","Accessories",83.976,-13.6461
"Technology","Accessories",50,10.5
"Technology","Phones",675.96,84.495
"Technology","Accessories",1265.85,556.974
"Technology","Accessories",58.112,7.264
"Technology","Phones",438.336,-87.6672
"Technology","Copiers",3149.93,1480.4671
"Technology","Accessories",35.36,-3.094
"Technology","Phones",45.894,-9.1788
"Technology","Accessories",132.52,54.3332
"Technology","Phones",160.776,10.0485
"Technology","Phones",677.58,-158.102
"Technology","Accessories",297.576,-7.4394
"Technology","Accessories",94.992,-2.3748
"Technology","Phones",16.68,5.2125
"Technology","Accessories",58.58,19.3314
"Technology","Phones",167.968,62.988
"Technology","Phones",32.382,4.3176
"Technology","Machines",399.54,-559.356
"Technology","Accessories",13.616,3.5742
"Technology","Accessories",63.96,19.8276
"Technology","Phones",104.98,52.49
"Technology","Phones",148.48,16.704
"Technology","Phones",159.984,11.9988
"Technology","Accessories",255.968,51.1936
"Technology","Accessories",100,21
"Technology","Phones",22,1.375
"Technology","Accessories",17.9,3.401
"Technology","Accessories",129.45,46.602
"Technology","Accessories",442.4,-55.3
"Technology","Phones",1718.4,150.36
"Technology","Accessories",46.864,7.6154
"Technology","Accessories",62.4,19.5
"Technology","Accessories",59.97,14.9925
"Technology","Accessories",98.16,9.816
"Technology","Phones",86.97,25.2213
"Technology","Phones",134.97,64.7856
"Technology","Phones",699.98,195.9944
"Technology","Accessories",139.95,26.5905
"Technology","Phones",347.97,100.9113
"Technology","Accessories",79.984,22.9954
"Technology","Phones",2575.944,257.5944
"Technology","Accessories",254.24,76.272
"Technology","Phones",69.93,0.6993
"Technology","Phones",1127.976,126.8973
"Technology","Phones",779.796,-168.9558
"Technology","Phones",1439.92,374.3792
"Technology","Machines",1439.982,-263.9967
"Technology","Accessories",90.57,11.7741
"Technology","Accessories",831.2,124.68
"Technology","Phones",100.49,25.1225
"Technology","Phones",119.96,33.5888
"Technology","Phones",370.782,-92.6955
"Technology","Phones",470.376,47.0376
"Technology","Phones",302.376,22.6782
"Technology","Phones",14.78,3.9906
"Technology","Accessories",28.4,6.745
"Technology","Accessories",99.39,40.7499
"Technology","Machines",597.132,49.761
"Technology","Accessories",149.95,65.978
"Technology","Phones",299.9,74.975
"Technology","Phones",863.64,107.955
"Technology","Accessories",199.98,69.993
"Technology","Phones",177.48,19.9665
"Technology","Phones",659.976,49.4982
"Technology","Phones",271.992,23.7993
"Technology","Accessories",166.16,59.8176
"Technology","Accessories",95.968,26.3912
"Technology","Phones",197.97,57.4113
"Technology","Accessories",238,38.08
"Technology","Accessories",167.97,40.3128
"Technology","Accessories",296.85,53.433
"Technology","Accessories",112.8,6.768
"Technology","Phones",281.97,78.9516
"Technology","Accessories",291.96,102.186
"Technology","Accessories",408.744,76.6395
"Technology","Accessories",35.016,-2.1885
"Technology","Phones",1394.95,362.687
"Technology","Phones",479.96,134.3888
"Technology","Copiers",1439.976,191.9968
"Technology","Phones",161.61,42.0186
"Technology","Phones",144.95,42.0355
"Technology","Accessories",199.95,21.9945
"Technology","Accessories",47.53,16.1602
"Technology","Accessories",159.984,35.9964
"Technology","Phones",597,280.59
"Technology","Accessories",199.95,63.984
"Technology","Accessories",84.99,30.5964
"Technology","Accessories",251.91,47.8629
"Technology","Accessories",199.96,69.986
"Technology","Accessories",59.97,13.7931
"Technology","Phones",761.544,66.6351
"Technology","Phones",111.984,11.1984
"Technology","Accessories",279.944,80.4839
"Technology","Accessories",26,11.7
"Technology","Phones",1295.84,145.782
"Technology","Phones",62.958,9.4437
"Technology","Accessories",86.376,1.0797
"Technology","Phones",94.92,15.82
"Technology","Phones",23.988,-4.7976
"Technology","Phones",84.95,22.087
"Technology","Accessories",111.79,43.5981
"Technology","Accessories",191.976,23.997
"Technology","Accessories",71.976,-8.997
"Technology","Phones",107.982,-26.9955
"Technology","Machines",3999.95,1159.9855
"Technology","Accessories",199.95,21.9945
"Technology","Accessories",29,7.25
"Technology","Phones",1454.49,378.1674
"Technology","Accessories",44.75,8.5025
"Technology","Phones",881.93,229.3018
"Technology","Phones",38.272,3.8272
"Technology","Phones",832.93,233.2204
"Technology","Phones",1145.6,100.24
"Technology","Phones",485.94,-89.089
"Technology","Phones",124.792,15.599
"Technology","Phones",319.968,35.9964
"Technology","Accessories",205.03,67.6599
"Technology","Phones",494.982,-115.4958
"Technology","Phones",659.976,49.4982
"Technology","Phones",437.85,131.355
"Technology","Accessories",371.97,66.9546
"Technology","Accessories",166.24,24.936
"Technology","Accessories",499.98,114.9954
"Technology","Copiers",1119.984,377.9946
"Technology","Accessories",223.96,53.7504
"Technology","Phones",23.92,6.6976
"Technology","Phones",287.97,77.7519
"Technology","Phones",4.95,1.3365
"Technology","Phones",42.95,1.2885
"Technology","Accessories",1399.93,601.9699
"Technology","Phones",503.96,125.99
"Technology","Accessories",316,31.6
"Technology","Accessories",390.75,171.93
"Technology","Accessories",389.97,132.5898
"Technology","Accessories",265.93,63.8232
"Technology","Accessories",113.97,27.3528
"Technology","Accessories",36.51,15.6993
"Technology","Machines",239.976,80.9919
"Technology","Accessories",252,93.24
"Technology","Phones",211.168,15.8376
"Technology","Copiers",479.984,59.998
"Technology","Accessories",1619.91,97.1946
"Technology","Accessories",37.6,2.256
"Technology","Accessories",59.9,23.96
"Technology","Accessories",1115.91,200.8638
"Technology","Phones",128.744,-28.9674
"Technology","Phones",79.92,26.973
"Technology","Phones",359.976,130.4913
"Technology","Accessories",595,95.2
"Technology","Machines",2396.4,179.73
"Technology","Accessories",99.99,43.9956
"Technology","Accessories",158.928,41.7186
"Technology","Phones",54.368,4.0776
"Technology","Phones",345,86.25
"Technology","Accessories",95.1,30.432
"Technology","Phones",257.98,74.8142
"Technology","Phones",119.7,31.122
"Technology","Accessories",57.06,18.2592
"Technology","Accessories",71.6,13.604
"Technology","Phones",136.99,36.9873
"Technology","Accessories",82.95,29.0325
"Technology","Phones",35.168,11.4296
"Technology","Phones",631.96,303.3408
"Technology","Phones",4548.81,1228.1787
"Technology","Phones",719.96,53.997
"Technology","Phones",196.776,14.7582
"Technology","Accessories",479.94,52.7934
"Technology","Accessories",106.5,41.535
"Technology","Accessories",95.968,1.1996
"Technology","Phones",5.5,1.375
"Technology","Accessories",25.488,4.4604
"Technology","Accessories",339.96,122.3856
"Technology","Accessories",46.32,18.0648
"Technology","Phones",431.976,-100.7944
"Technology","Phones",155.37,-36.253
"Technology","Phones",1879.96,211.4955
"Technology","Phones",705.544,70.5544
"Technology","Accessories",50,12
"Technology","Accessories",15.02,2.7036
"Technology","Accessories",71,27.69
"Technology","Phones",164.388,-35.6174
"Technology","Accessories",1399.944,52.4979
"Technology","Phones",155.35,0
"Technology","Phones",187.98,52.6344
"Technology","Phones",246.168,21.5397
"Technology","Phones",79.1,39.55
"Technology","Phones",587.97,158.7519
"Technology","Machines",1349.85,364.4595
"Technology","Accessories",24.672,0
"Technology","Phones",67.04,6.704
"Technology","Copiers",11199.968,3919.9888
"Technology","Phones",2399.6,647.892
"Technology","Phones",52.99,0.5299
"Technology","Accessories",60.864,9.1296
"Technology","Machines",652.995,-935.9595
"Technology","Accessories",29.99,2.999
"Technology","Phones",36.792,4.1391
"Technology","Phones",104.85,28.3095
"Technology","Phones",1979.89,494.9725
"Technology","Accessories",79.512,20.8719
"Technology","Accessories",619.95,111.591
"Technology","Machines",350.973,152.0883
"Technology","Phones",164.99,49.497
"Technology","Phones",108.576,8.1432
"Technology","Machines",821.3,-16.426
"Technology","Machines",22638.48,-1811.0784
"Technology","Accessories",132.6,17.238
"Technology","Machines",1919.976,215.9973
"Technology","Phones",302.376,37.797
"Technology","Phones",129.98,62.3904
"Technology","Accessories",71.98,15.1158
"Technology","Phones",377.97,109.6113
"Technology","Phones",359.97,-71.994
"Technology","Phones",629.958,94.4937
"Technology","Accessories",799.96,343.9828
"Technology","Phones",73.98,19.9746
"Technology","Phones",377.97,94.4925
"Technology","Phones",89.98,43.1904
"Technology","Accessories",25.98,1.5588
"Technology","Phones",125.976,47.241
"Technology","Accessories",79.992,21.9978
"Technology","Accessories",27.168,-1.3584
"Technology","Accessories",323.37,129.348
"Technology","Phones",783.96,68.5965
"Technology","Accessories",239.97,71.991
"Technology","Accessories",0.99,0.4356
"Technology","Accessories",50.12,-0.6265
"Technology","Accessories",47.976,1.7991
"Technology","Accessories",2.376,0.7425
"Technology","Phones",257.98,74.8142
"Technology","Phones",23.988,-15.992
"Technology","Phones",23.976,-15.5844
"Technology","Phones",1075.088,94.0702
"Technology","Phones",438.368,38.3572
"Technology","Phones",783.96,78.396
"Technology","Accessories",999.96,229.9908
"Technology","Phones",302.376,22.6782
"Technology","Phones",155.976,54.5916
"Technology","Machines",695.7,-27.828
"Technology","Accessories",36.048,-0.9012
"Technology","Accessories",67.8,4.068
"Technology","Phones",377.97,98.2722
"Technology","Accessories",254.97,91.7892
"Technology","Phones",35.88,10.0464
"Technology","Copiers",959.968,119.996
"Technology","Copiers",479.984,59.998
"Technology","Phones",135.72,35.2872
"Technology","Phones",263.96,71.2692
"Technology","Phones",156.792,13.7193
"Technology","Phones",431.976,26.9985
"Technology","Accessories",41.6,13
"Technology","Phones",7.92,0.693
"Technology","Phones",671.984,50.3988
"Technology","Phones",39.99,11.5971
"Technology","Accessories",12.99,0.7794
"Technology","Accessories",95.968,28.7904
"Technology","Machines",206.991,-172.4925
"Technology","Machines",2549.985,-3399.98
"Technology","Accessories",666.4,-33.32
"Technology","Phones",403.168,25.198
"Technology","Accessories",53.7,10.203
"Technology","Phones",1022.97,-255.7425
"Technology","Accessories",360,129.6
"Technology","Phones",517.9,134.654
"Technology","Copiers",2799.96,874.9875
"Technology","Accessories",119.976,22.4955
"Technology","Phones",83.97,23.5116
"Technology","Accessories",104.97,7.3479
"Technology","Phones",140.736,49.2576
"Technology","Accessories",214.95,88.1295
"Technology","Phones",43.176,15.1116
"Technology","Phones",539.97,134.9925
"Technology","Accessories",127.984,15.998
"Technology","Phones",671.93,188.1404
"Technology","Phones",479.95,129.5865
"Technology","Machines",837.6,62.82
"Technology","Phones",249.584,31.198
"Technology","Phones",258.528,-47.3968
"Technology","Accessories",395,39.5
"Technology","Phones",627.168,70.5564
"Technology","Phones",67.992,8.499
"Technology","Accessories",44.784,-0.5598
"Technology","Accessories",119.96,35.988
"Technology","Phones",88.776,7.7679
"Technology","Accessories",2025.36,607.608
"Technology","Machines",1799.994,-2639.9912
"Technology","Phones",101.988,-16.998
"Technology","Accessories",26,11.7
"Technology","Accessories",119.976,-17.9964
"Technology","Phones",239.984,23.9984
"Technology","Accessories",47.984,0.5998
"Technology","Accessories",826.62,355.4466
"Technology","Phones",69.93,32.1678
"Technology","Phones",65.99,17.1574
"Technology","Phones",29.97,14.0859
"Technology","Phones",95.968,9.5968
"Technology","Phones",601.536,60.1536
"Technology","Accessories",10.99,4.2861
"Technology","Accessories",349.95,118.983
"Technology","Phones",377.928,141.723
"Technology","Accessories",149.97,52.4895
"Technology","Phones",430.88,124.9552
"Technology","Accessories",90,32.4
"Technology","Phones",318.4,107.46
"Technology","Phones",230.376,20.1579
"Technology","Accessories",7.16,-0.0895
"Technology","Phones",122.92,46.095
"Technology","Phones",219.8,24.7275
"Technology","Accessories",49.08,4.908
"Technology","Phones",105.584,7.9188
"Technology","Phones",27.184,2.0388
"Technology","Phones",107.984,9.4486
"Technology","Accessories",99.98,7.9984
"Technology","Phones",135.98,33.995
"Technology","Phones",44.95,12.586
"Technology","Accessories",2.97,1.3068
"Technology","Accessories",7.92,3.4848
"Technology","Copiers",3359.952,1049.985
"Technology","Phones",28.99,8.4071
"Technology","Accessories",47.984,13.1956
"Technology","Phones",494.376,49.4376
"Technology","Accessories",248.85,27.3735
"Technology","Accessories",36.24,15.2208
"Technology","Machines",1704.89,767.2005
"Technology","Machines",1919.976,215.9973
"Technology","Phones",539.964,-107.9928
"Technology","Phones",217.584,19.0386
"Technology","Phones",328.776,28.7679
"Technology","Accessories",47.984,14.3952
"Technology","Phones",148.48,16.704
"Technology","Phones",241.176,15.0735
"Technology","Accessories",227.976,28.497
"Technology","Phones",52.68,19.755
"Technology","Phones",431.968,37.7972
"Technology","Phones",59.97,28.7856
"Technology","Accessories",89.97,18.8937
"Technology","Phones",83.984,31.494
"Technology","Phones",359.98,93.5948
"Technology","Accessories",26.176,-3.272
"Technology","Accessories",1287.45,244.6155
"Technology","Phones",39.96,10.3896
"Technology","Phones",1799.75,539.925
"Technology","Phones",222.384,16.6788
"Technology","Phones",1091.168,68.198
"Technology","Phones",219.168,-43.8336
"Technology","Phones",36.99,9.9873
"Technology","Accessories",131.6,7.896
"Technology","Machines",558.4,41.88
"Technology","Phones",471.92,29.495
"Technology","Accessories",71.976,19.7934
"Technology","Accessories",47.984,14.3952
"Technology","Phones",492.768,55.4364
"Technology","Accessories",47.992,7.1988
"Technology","Accessories",18.544,3.0134
"Technology","Accessories",99.98,42.9914
"Technology","Accessories",34.95,15.378
"Technology","Accessories",92.52,18.504
"Technology","Phones",579.95,168.1855
"Technology","Phones",36.192,2.7144
"Technology","Accessories",72,12.96
"Technology","Accessories",655.9,275.478
"Technology","Accessories",209.97,71.3898
"Technology","Accessories",95.736,20.3439
"Technology","Phones",201.584,20.1584
"Technology","Machines",418.8,-97.72
"Technology","Accessories",66.3,8.619
"Technology","Phones",44.784,4.4784
"Technology","Phones",404.94,109.3338
"Technology","Accessories",116,29
"Technology","Phones",657.552,49.3164
"Technology","Accessories",599.97,257.9871
"Technology","Phones",38.97,0.7794
"Technology","Phones",38.24,-9.56
"Technology","Accessories",87.168,10.896
"Technology","Machines",287.968,97.1892
"Technology","Phones",812.736,60.9552
"Technology","Phones",604.752,37.797
"Technology","Accessories",439.8,145.134
"Technology","Accessories",59.98,26.3912
"Technology","Machines",2395.2,209.58
"Technology","Accessories",1687.8,742.632
"Technology","Phones",7.992,2.6973
"Technology","Phones",1169.694,-253.4337
"Technology","Accessories",64.704,-4.8528
"Technology","Phones",135.516,-31.6204
"Technology","Accessories",431.928,64.7892
"Technology","Accessories",58.416,16.7946
"Technology","Accessories",36.784,10.5754
"Technology","Phones",5.56,1.7375
"Technology","Phones",63.936,5.5944
"Technology","Accessories",36.32,10.896
"Technology","Phones",41.958,-9.7902
"Technology","Accessories",178.92,-29.0745
"Technology","Accessories",104.88,41.952
"Technology","Accessories",9.096,1.7055
"Technology","Phones",377.97,94.4925
"Technology","Accessories",258.9,93.204
"Technology","Phones",52.68,19.755
"Technology","Accessories",103.92,-18.186
"Technology","Machines",464.97,209.2365
"Technology","Machines",59.994,-45.9954
"Technology","Copiers",439.992,164.997
"Technology","Phones",87.96,30.786
"Technology","Accessories",163.96,70.5028
"Technology","Copiers",899.97,314.9895
"Technology","Accessories",5.544,1.6632
"Technology","Accessories",11.54,3.462
"Technology","Accessories",249.95,107.4785
"Technology","Phones",499.99,129.9974
"Technology","Phones",1259.93,327.5818
"Technology","Phones",129.98,62.3904
"Technology","Phones",10.9,3.052
"Technology","Accessories",59.98,25.1916
"Technology","Copiers",879.984,329.994
"Technology","Phones",119.96,11.996
"Technology","Accessories",62.91,22.6476
"Technology","Accessories",383.976,81.5949
"Technology","Accessories",335.944,41.993
"Technology","Phones",71.976,8.997
"Technology","Phones",273.96,10.9584
"Technology","Phones",269.982,40.4973
"Technology","Accessories",41.424,8.2848
"Technology","Phones",1359.96,118.9965
"Technology","Accessories",22.704,5.9598
"Technology","Phones",100.792,10.0792
"Technology","Phones",823.96,51.4975
"Technology","Phones",59.97,0
"Technology","Copiers",879.984,329.994
"Technology","Phones",1049.97,-209.994
"Technology","Phones",911.984,113.998
"Technology","Accessories",170.97,70.0977
"Technology","Accessories",34.95,15.378
"Technology","Phones",823.96,51.4975
"Technology","Accessories",447.944,89.5888
"Technology","Phones",124.792,10.9193
"Technology","Accessories",238,38.08
"Technology","Accessories",155.34,55.9224
"Technology","Accessories",148.32,63.7776
"Technology","Phones",108.784,6.799
"Technology","Phones",134.85,37.758
"Technology","Phones",239.97,67.1916
"Technology","Accessories",659.9,217.767
"Technology","Accessories",559.92,190.3728
"Technology","Accessories",279.944,48.9902
"Technology","Accessories",48.9,18.093
"Technology","Accessories",127.984,25.5968
"Technology","Accessories",47.984,-1.1996
"Technology","Phones",14.85,-3.2175
"Technology","Phones",41.988,-9.7972
"Technology","Phones",470.376,52.9173
"Technology","Phones",359.976,35.9976
"Technology","Accessories",47.984,13.1956
"Technology","Phones",201.584,12.599
"Technology","Phones",159.984,13.9986
"Technology","Phones",149.95,44.985
"Technology","Phones",84.784,-20.1362
"Technology","Copiers",2799.96,944.9865
"Technology","Phones",769.95,223.2855
"Technology","Accessories",345,58.65
"Technology","Machines",287.91,33.5895
"Technology","Accessories",101.94,21.4074
"Technology","Accessories",251.91,47.8629
"Technology","Phones",82.782,-15.1767
"Technology","Phones",95.84,34.742
"Technology","Phones",153.584,13.4386
"Technology","Machines",479.97,239.985
"Technology","Accessories",100,21
"Technology","Accessories",383.952,76.7904
"Technology","Machines",767.952,287.982
"Technology","Phones",191.976,19.1976
"Technology","Accessories",599.9,191.968
"Technology","Phones",72.744,-15.4581
"Technology","Accessories",68.112,17.8794
"Technology","Accessories",39.992,7.4985
"Technology","Phones",978.84,110.1195
"Technology","Copiers",999.98,449.991
"Technology","Phones",821.94,213.7044
"Technology","Phones",47.976,4.7976
"Technology","Phones",302.384,30.2384
"Technology","Machines",3080,1416.8
"Technology","Accessories",79.96,18.3908
"Technology","Phones",587.97,170.5113
"Technology","Phones",159.96,17.9955
"Technology","Phones",73.98,19.9746
"Technology","Phones",158.376,13.8579
"Technology","Accessories",19.04,-1.428
"Technology","Machines",2624.985,-944.9946
"Technology","Machines",209.97,90.2871
"Technology","Accessories",55.2,-2.07
"Technology","Accessories",47.984,0.5998
"Technology","Phones",539.97,134.9925
"Technology","Accessories",169.064,-14.7931
"Technology","Phones",629.95,163.787
"Technology","Accessories",319.96,115.1856
"Technology","Accessories",98.16,9.816
"Technology","Copiers",10499.97,5039.9856
"Technology","Phones",304.776,22.8582
"Technology","Copiers",799.984,249.995
"Technology","Machines",4799.984,359.9988
"Technology","Machines",385.8,130.2075
"Technology","Phones",149.97,5.9988
"Technology","Accessories",66.3,8.619
"Technology","Phones",55.944,-13.2867
"Technology","Phones",11.824,1.0346
"Technology","Accessories",63.96,19.8276
"Technology","Accessories",171.96,45.1395
"Technology","Phones",71.928,6.2937
"Technology","Machines",9099.93,2365.9818
"Technology","Copiers",439.992,164.997
"Technology","Phones",53.982,-10.7964
"Technology","Phones",4367.896,327.5922
"Technology","Phones",383.96,38.396
"Technology","Phones",666.344,66.6344
"Technology","Machines",447.968,139.99
"Technology","Phones",23.976,-5.6943
"Technology","Phones",323.982,-80.9955
"Technology","Accessories",71.976,0.8997
"Technology","Accessories",19.99,6.7966
"Technology","Accessories",50.88,14.628
"Technology","Accessories",107.97,22.6737
"Technology","Phones",657.504,-131.5008
"Technology","Accessories",99.54,10.9494
"Technology","Accessories",199.96,85.9828
"Technology","Accessories",27.12,-4.746
"Technology","Phones",95.84,34.742
"Technology","Phones",29.16,8.4564
"Technology","Accessories",159.75,11.1825
"Technology","Phones",153.584,13.4386
"Technology","Phones",1259.97,327.5922
"Technology","Phones",59.96,21.7355
"Technology","Phones",361.376,27.1032
"Technology","Accessories",34.8,2.175
"Technology","Phones",617.97,160.6722
"Technology","Phones",575.92,71.99
"Technology","Phones",34.75,15.6375
"Technology","Phones",55.98,15.6744
"Technology","Accessories",109.95,36.2835
"Technology","Accessories",54.384,1.3596
"Technology","Accessories",239.976,65.9934
"Technology","Copiers",659.988,109.998
"Technology","Phones",173.656,17.3656
"Technology","Accessories",62.85,13.1985
"Technology","Phones",818.376,51.1485
"Technology","Accessories",62.31,22.4316
"Technology","Phones",269.98,67.495
"Technology","Accessories",116.832,33.5892
"Technology","Phones",105.98,1.0598
"Technology","Phones",148.48,16.704
"Technology","Phones",537.544,53.7544
"Technology","Phones",659.168,49.4376
"Technology","Phones",110.352,8.2764
"Technology","Copiers",479.984,89.997
"Technology","Phones",657.93,184.2204
"Technology","Accessories",239.7,105.468
"Technology","Phones",302.384,30.2384
"Technology","Accessories",167.944,50.3832
"Technology","Phones",45.99,13.3371
"Technology","Accessories",134.376,6.7188
"Technology","Phones",589.9,147.475
"Technology","Copiers",2879.952,1007.9832
"Technology","Copiers",1599.92,751.9624
"Technology","Machines",558.4,41.88
"Technology","Accessories",27.552,-0.3444
"Technology","Accessories",69.98,13.2962
"Technology","Phones",635.96,165.3496
"Technology","Phones",118.99,33.3172
"Technology","Accessories",82.8,6.624
"Technology","Phones",863.928,86.3928
"Technology","Phones",440.91,123.4548
"Technology","Accessories",71.976,21.5928
"Technology","Accessories",62.31,22.4316
"Technology","Phones",344.704,38.7792
"Technology","Phones",201.584,20.1584
"Technology","Accessories",15.576,3.3099
"Technology","Accessories",53.25,20.7675
"Technology","Accessories",67.98,14.9556
"Technology","Machines",837.6,62.82
"Technology","Phones",40.68,-9.153
"Technology","Accessories",22.368,6.4308
"Technology","Phones",783.96,219.5088
"Technology","Accessories",113.52,29.799
"Technology","Phones",359.88,22.4925
"Technology","Phones",742.336,83.5128
"Technology","Phones",222.384,16.6788
"Technology","Accessories",58.08,-6.534
"Technology","Phones",43.6,4.36
"Technology","Phones",39.594,-7.2589
"Technology","Phones",239.9,71.97
"Technology","Copiers",1199.976,179.9964
"Technology","Accessories",383.952,47.994
"Technology","Machines",30.345,-24.276
"Technology","Phones",158.376,-34.3148
"Technology","Phones",263.96,19.797
"Technology","Phones",758.352,265.4232
"Technology","Phones",239.97,67.1916
"Technology","Phones",89.988,-14.998
"Technology","Accessories",119.8,29.95
"Technology","Accessories",2249.91,517.4793
"Technology","Accessories",101.7,6.102
"Technology","Phones",9.588,-2.0774
"Technology","Phones",111.984,6.999
"Technology","Phones",231.98,67.2742
"Technology","Phones",90.48,23.5248
"Technology","Phones",16.776,1.6776
"Technology","Phones",85.9,2.577
"Technology","Phones",61.192,6.1192
"Technology","Phones",467.04,58.38
"Technology","Phones",128.85,3.8655
"Technology","Accessories",199.98,83.9916
"Technology","Accessories",717.12,152.388
"Technology","Phones",773.94,224.4426
"Technology","Accessories",19.04,-1.428
"Technology","Phones",689.408,77.5584
"Technology","Phones",109.592,8.2194
"Technology","Accessories",79.99,28.7964
"Technology","Accessories",47.79,16.2486
"Technology","Machines",2321.9,1114.512
"Technology","Phones",791.964,-131.994
"Technology","Phones",210.564,-52.641
"Technology","Phones",1502.376,-250.396
"Technology","Accessories",772.47,146.7693
"Technology","Accessories",72.64,21.792
"Technology","Accessories",772.47,146.7693
"Technology","Phones",461.97,133.9713
"Technology","Accessories",239.976,53.9946
"Technology","Accessories",33.9,2.034
"Technology","Accessories",239.96,83.986
"Technology","Phones",716,193.32
"Technology","Accessories",79.984,13.9972
"Technology","Accessories",398.4,84.66
"Technology","Phones",699.98,195.9944
"Technology","Phones",377.97,105.8316
"Technology","Phones",391.98,113.6742
"Technology","Accessories",383.976,81.5949
"Technology","Copiers",549.99,274.995
"Technology","Phones",299.98,83.9944
"Technology","Accessories",35.168,8.3524
"Technology","Phones",466.158,-93.2316
"Technology","Accessories",10.312,-1.289
"Technology","Phones",35.04,-7.008
"Technology","Accessories",16.776,5.0328
"Technology","Accessories",66.36,23.226
"Technology","Machines",629.93,296.0671
"Technology","Accessories",99.98,42.9914
"Technology","Machines",2799.96,1371.9804
"Technology","Phones",16.99,4.4174
"Technology","Phones",287.97,80.6316
"Technology","Phones",107.976,37.7916
"Technology","Accessories",119.9,43.164
"Technology","Phones",1214.85,352.3065
"Technology","Phones",1001.584,125.198
"Technology","Phones",105.584,9.2386
"Technology","Phones",68.72,-14.603
"Technology","Phones",258.576,19.3932
"Technology","Phones",748.752,-162.2296
"Technology","Accessories",199.96,15.9968
"Technology","Accessories",167.952,-27.2922
"Technology","Phones",43.6,4.36
"Technology","Phones",431.976,32.3982
"Technology","Accessories",41.72,5.7365
"Technology","Phones",114.95,2.299
"Technology","Accessories",59.98,26.3912
"Technology","Phones",333.576,33.3576
"Technology","Accessories",43.5,10.875
"Technology","Accessories",249.95,19.996
"Technology","Phones",196.776,14.7582
"Technology","Accessories",46.688,-2.918
"Technology","Machines",52.44,24.1224
"Technology","Accessories",159.8,70.312
"Technology","Accessories",44.75,8.5025
"Technology","Accessories",13.48,1.8872
"Technology","Phones",543.92,135.98
"Technology","Accessories",1979.7,653.301
"Technology","Phones",39.98,1.999
"Technology","Phones",31.92,2.394
"Technology","Accessories",13.98,6.0114
"Technology","Accessories",899.95,53.997
"Technology","Phones",267.96,16.7475
"Technology","Accessories",31.95,2.2365
"Technology","Phones",329.584,37.0782
"Technology","Accessories",16.36,1.636
"Technology","Phones",151.192,13.2293
"Technology","Phones",88.776,7.7679
"Technology","Accessories",98.16,9.816
"Technology","Machines",105.552,35.6238
"Technology","Phones",358.2,41.79
"Technology","Phones",545.916,72.7888
"Technology","Phones",167.976,10.4985
"Technology","Accessories",109.53,47.0979
"Technology","Accessories",71.98,15.1158
"Technology","Accessories",79.98,26.3934
"Technology","Phones",445.96,55.745
"Technology","Accessories",36.24,15.2208
"Technology","Accessories",101.34,8.1072
"Technology","Phones",224.75,62.93
"Technology","Phones",39.984,-8.9964
"Technology","Phones",150.384,15.0384
"Technology","Phones",280.782,-60.8361
"Technology","Accessories",31.984,1.1994
"Technology","Accessories",1649.95,659.98
"Technology","Accessories",270,97.2
"Technology","Accessories",99.6,36.852
"Technology","Phones",33,8.25
"Technology","Accessories",249.95,87.4825
"Technology","Accessories",57.4,10.906
"Technology","Phones",103.192,11.6091
"Technology","Accessories",36,6.48
"Technology","Accessories",239.96,115.1808
"Technology","Phones",23.976,-5.6943
"Technology","Accessories",63.92,19.176
"Technology","Accessories",41.9,8.799
"Technology","Phones",859.2,-186.16
"Technology","Phones",11.12,3.475
"Technology","Phones",239.97,2.3997
"Technology","Phones",128.85,3.8655
"Technology","Accessories",1319.96,527.984
"Technology","Accessories",255.968,-28.7964
"Technology","Phones",79.96,27.986
"Technology","Phones",2479.96,743.988
"Technology","Accessories",179.94,75.5748
"Technology","Accessories",26.85,5.1015
"Technology","Accessories",323.37,129.348
"Technology","Phones",126.56,47.46
"Technology","Accessories",139.93,34.9825
"Technology","Accessories",79.512,20.8719
"Technology","Copiers",2999.95,1439.976
"Technology","Machines",209.986,8.9994
"Technology","Copiers",959.984,335.9944
"Technology","Phones",34.36,-7.3015
"Technology","Phones",36.738,-9.1845
"Technology","Phones",179.94,-44.985
"Technology","Phones",546.06,163.818
"Technology","Phones",391.98,109.7544
"Technology","Phones",437.85,131.355
"Technology","Accessories",142.488,-3.5622
"Technology","Accessories",659.9,217.767
"Technology","Accessories",53.04,-4.641
"Technology","Accessories",843.9,371.316
"Technology","Accessories",1496.16,224.424
"Technology","Accessories",499.95,174.9825
"Technology","Accessories",100,21
"Technology","Accessories",359.98,21.5988
"Technology","Accessories",234.45,103.158
"Technology","Accessories",284.97,85.491
"Technology","Accessories",112.776,-8.4582
"Technology","Phones",28.68,-7.17
"Technology","Accessories",389.97,132.5898
"Technology","Phones",140.376,8.7735
"Technology","Phones",57.408,5.7408
"Technology","Accessories",27.6,2.208
"Technology","Phones",1049.93,293.9804
"Technology","Phones",134.99,36.4473
"Technology","Accessories",139.96,-22.7435
"Technology","Accessories",263.96,42.8935
"Technology","Copiers",2799.944,1014.9797
"Technology","Phones",36.792,4.1391
"Technology","Phones",5.94,1.6038
"Technology","Accessories",619.95,111.591
"Technology","Phones",29.16,8.4564
"Technology","Accessories",91.176,4.5588
"Technology","Accessories",159.968,29.994
"Technology","Accessories",899.91,395.9604
"Technology","Phones",946.344,118.293
"Technology","Accessories",178.11,32.0598
"Technology","Machines",532.72,53.272
"Technology","Phones",249.584,31.198
"Technology","Accessories",68.112,17.8794
"Technology","Accessories",16.56,-2.484
"Technology","Phones",74.95,36.7255
"Technology","Copiers",1999.96,624.9875
"Technology","Machines",32.985,-1.9791
"Technology","Phones",333.576,25.0182
"Technology","Accessories",85.2,20.235
"Technology","Copiers",599.99,233.9961
"Technology","Machines",71.976,24.2919
"Technology","Phones",575.968,43.1976
"Technology","Phones",15.984,1.1988
"Technology","Phones",1487.976,185.997
"Technology","Accessories",11.672,-0.7295
"Technology","Phones",279.96,78.3888
"Technology","Accessories",519.96,176.7864
"Technology","Accessories",72.6,-8.1675
"Technology","Phones",57.568,5.7568
"Technology","Phones",415.968,51.996
"Technology","Copiers",549.99,274.995
"Technology","Accessories",179.97,86.3856
"Technology","Accessories",81.576,2.0394
"Technology","Phones",259.96,124.7808
"Technology","Accessories",16.95,1.017
"Technology","Phones",209.97,58.7916
"Technology","Accessories",659.9,217.767
"Technology","Phones",67.8,1.356
"Technology","Accessories",1099.5,362.835
"Technology","Phones",683.988,-113.998
"Technology","Accessories",16.776,4.8231
"Technology","Accessories",527.92,85.787
"Technology","Phones",177.48,19.9665
"Technology","Phones",71.976,8.997
"Technology","Phones",95.992,9.5992
"Technology","Accessories",435.84,130.752
"Technology","Phones",211.168,18.4772
"Technology","Accessories",95.1,30.432
"Technology","Accessories",299.97,125.9874
"Technology","Phones",575.928,57.5928
"Technology","Phones",107.88,10.788
"Technology","Phones",552,34.5
"Technology","Phones",369.544,32.3351
"Technology","Phones",128.85,3.8655
"Technology","Machines",2548.56,286.713
"Technology","Phones",287.88,35.985
"Technology","Phones",4158.912,363.9048
"Technology","Accessories",71.98,15.1158
"Technology","Accessories",69.98,4.8986
"Technology","Phones",71.96,25.186
"Technology","Phones",859.2,75.18
"Technology","Machines",506.28,177.198
"Technology","Accessories",27.968,6.992
"Technology","Copiers",1199.96,224.9925
"Technology","Machines",343.2,38.61
"Technology","Accessories",468.9,206.316
"Technology","Accessories",72.48,30.4416
"Technology","Accessories",24.032,-0.6008
"Technology","Accessories",212.8,95.76
"Technology","Accessories",72.64,21.792
"Technology","Phones",1299.66,350.9082
"Technology","Phones",104.85,28.3095
"Technology","Accessories",59.97,20.3898
"Technology","Accessories",65.44,-8.18
"Technology","Phones",2279.96,592.7896
"Technology","Phones",191.976,19.1976
"Technology","Accessories",44.75,8.5025
"Technology","Accessories",53.25,20.7675
"Technology","Accessories",27.696,3.462
"Technology","Phones",257.98,74.8142
"Technology","Phones",201.584,12.599
"Technology","Accessories",167.28,23.4192
"Technology","Phones",323.976,28.3479
"Technology","Accessories",170.24,53.2
"Technology","Accessories",21.2,9.116
"Technology","Phones",629.95,176.386
"Technology","Phones",113.73,32.9817
"Technology","Phones",383.84,47.98
"Technology","Phones",329.988,-76.9972
"Technology","Phones",50.97,13.2522
"Technology","Copiers",1439.968,485.9892
"Technology","Accessories",43.56,-4.9005
"Technology","Phones",235.152,-47.0304
"Technology","Phones",29.97,0.2997
"Technology","Phones",125.7,35.196
"Technology","Phones",191.98,51.8346
"Technology","Phones",88.776,7.7679
"Technology","Phones",110.376,-20.2356
"Technology","Accessories",55.176,15.8631
"Technology","Phones",79.96,-17.991
"Technology","Accessories",13.98,6.0114
"Technology","Phones",200.97,50.2425
"Technology","Phones",311.98,93.594
"Technology","Phones",39.992,-7.9984
"Technology","Accessories",116.312,23.2624
"Technology","Accessories",428.4,89.964
"Technology","Phones",20.784,-4.6764
"Technology","Phones",239.976,17.9982
"Technology","Phones",88.776,7.7679
"Technology","Phones",195.96,19.596
"Technology","Phones",14.99,7.3451
"Technology","Phones",39.96,3.4965
"Technology","Machines",65.97,31.0059
"Technology","Phones",339.96,42.495
"Technology","Phones",87.8,43.9
"Technology","Machines",5199.96,1351.9896
"Technology","Accessories",119.85,52.734
"Technology","Phones",587.97,170.5113
"Technology","Phones",361.376,27.1032
"Technology","Phones",337.98,101.394
"Technology","Phones",86.352,8.6352
"Technology","Machines",1039.992,103.9992
"Technology","Phones",41.22,11.1294
"Technology","Phones",119.02,33.3256
"Technology","Accessories",371.97,66.9546
"Technology","Accessories",99.99,41.9958
"Technology","Phones",158.376,-36.9544
"Technology","Accessories",47.984,14.3952
"Technology","Accessories",62.592,13.3008
"Technology","Phones",824.95,247.485
"Technology","Phones",177.48,19.9665
"Technology","Phones",7.992,0.6993
"Technology","Accessories",98.16,9.816
"Technology","Phones",108.576,-25.3344
"Technology","Accessories",111.93,34.6983
"Technology","Copiers",8399.976,1119.9968
"Technology","Phones",122.382,-24.4764
"Technology","Phones",180.96,13.572
"Technology","Phones",302.376,22.6782
"Technology","Phones",158.376,13.8579
"Technology","Phones",135.99,36.7173
"Technology","Accessories",89.97,18.8937
"Technology","Accessories",68.46,25.3302
"Technology","Phones",629.95,176.386
"Technology","Phones",131.98,35.6346
"Technology","Accessories",114.52,11.452
"Technology","Accessories",205.992,-2.5749
"Technology","Phones",503.96,50.396
"Technology","Accessories",110.4,-4.14
"Technology","Machines",78.66,36.1836
"Technology","Phones",244.768,24.4768
"Technology","Accessories",24,-2.7
"Technology","Accessories",26.176,-3.272
"Technology","Accessories",279.86,64.3678
"Technology","Phones",539.964,-107.9928
"Technology","Phones",50.232,-10.0464
"Technology","Phones",206.384,23.2182
"Technology","Phones",59.994,-12.9987
"Technology","Copiers",1999.96,899.982
"Technology","Accessories",142.8,29.988
"Technology","Accessories",399.95,143.982
"Technology","Phones",158.99,41.3374
"Technology","Phones",107.88,10.788
"Technology","Accessories",319.968,71.9928
"Technology","Accessories",227.976,28.497
"Technology","Machines",319.92,118.3704
"Technology","Accessories",1049.44,440.7648
"Technology","Phones",173.94,50.4426
"Technology","Phones",1007.944,75.5958
"Technology","Accessories",179.97,86.3856
"Technology","Phones",271.96,67.99
"Technology","Phones",19.8,1.7325
"Technology","Phones",211.168,23.7564
"Technology","Machines",371.976,116.2425
"Technology","Phones",469.95,131.586
"Technology","Machines",6999.96,2239.9872
"Technology","Phones",279.86,134.3328
"Technology","Accessories",199.99,85.9957
"Technology","Phones",627.168,70.5564
"Technology","Accessories",79.78,29.5186
"Technology","Phones",438.368,38.3572
"Technology","Phones",139.944,-31.4874
"Technology","Copiers",319.984,107.9946
"Technology","Phones",333.576,25.0182
"Technology","Accessories",31.992,4.7988
"Technology","Accessories",87.4,34.96
"Technology","Machines",83.9,22.653
"Technology","Accessories",393.54,165.2868
"Technology","Accessories",111.96,21.2724
"Technology","Accessories",47.97,14.8707
"Technology","Phones",217.584,19.0386
"Technology","Phones",143.976,8.9985
"Technology","Phones",519.68,58.464
"Technology","Accessories",39.264,-4.908
"Technology","Accessories",149.95,31.4895
"Technology","Accessories",479.952,107.9892
"Technology","Phones",629.95,163.787
"Technology","Phones",116.98,29.245
"Technology","Phones",395.94,102.9444
"Technology","Machines",1362.9,-19.47
"Technology","Accessories",449.91,157.4685
"Technology","Phones",239.976,26.9973
"Technology","Machines",269.97,-386.957
"Technology","Accessories",45.12,-7.896
"Technology","Accessories",100.8,21.42
"Technology","Accessories",99.98,34.993
"Technology","Machines",12.585,-18.0385
"Technology","Machines",241.17,-168.819
"Technology","Copiers",17499.95,8399.976
"Technology","Phones",197.97,53.4519
"Technology","Accessories",27.88,3.9032
"Technology","Phones",371.2,41.76
"Technology","Accessories",20.7,1.656
"Technology","Phones",55.992,3.4995
"Technology","Phones",494.97,148.491
"Technology","Accessories",274.89,46.7313
"Technology","Phones",91.96,-20.691
"Technology","Accessories",254.97,91.7892
"Technology","Phones",31.984,-7.996
"Technology","Accessories",119.976,-17.9964
"Technology","Accessories",37.056,8.8008
"Technology","Phones",259.896,-56.3108
"Technology","Phones",95.68,26.7904
"Technology","Phones",411.98,119.4742
"Technology","Accessories",559.93,167.979
"Technology","Copiers",2399.96,839.986
"Technology","Phones",1001.584,125.198
"Technology","Accessories",159.56,59.0372
"Technology","Phones",55.984,4.1988
"Technology","Phones",862.344,97.0137
"Technology","Phones",13.494,-2.249
"Technology","Phones",23.988,-13.993
"Technology","Accessories",95.976,-10.7973
"Technology","Accessories",479.72,52.7692
"Technology","Phones",623.96,38.9975
"Technology","Machines",479.988,55.9986
"Technology","Phones",503.96,50.396
"Technology","Accessories",75.98,18.2352
"Technology","Phones",824.97,214.4922
"Technology","Accessories",89.584,4.4792
"Technology","Phones",471.92,29.495
"Technology","Phones",59.98,17.994
"Technology","Phones",8.78,2.2828
"Technology","Phones",226.2,58.812
"Technology","Accessories",32.96,14.1728
"Technology","Phones",587.97,164.6316
"Technology","Phones",143.64,10.773
"Technology","Phones",227.46,65.9634
"Technology","Accessories",36,6.48
"Technology","Copiers",479.984,89.997
"Technology","Copiers",599.97,69.9965
"Technology","Accessories",399.96,139.986
"Technology","Accessories",119.96,25.1916
"Technology","Accessories",1012.68,303.804
"Technology","Phones",1626.192,121.9644
"Technology","Phones",119.96,7.4975
"Technology","Accessories",479.952,89.991
"Technology","Accessories",122.328,1.5291
"Technology","Phones",25.98,0.7794
"Technology","Accessories",35.168,8.3524
"Technology","Phones",1879.96,545.1884
"Technology","Phones",89.98,43.1904
"Technology","Accessories",113.52,46.5432
"Technology","Phones",776.85,-181.265
"Technology","Phones",971.88,109.3365
"Technology","Phones",222.384,16.6788
"Technology","Accessories",107.97,22.6737
"Technology","Accessories",143.96,1.7995
"Technology","Copiers",2399.96,569.9905
"Technology","Phones",89.97,25.1916
"Technology","Accessories",40,0.5
"Technology","Phones",203.976,25.497
"Technology","Phones",138,34.5
"Technology","Phones",116.76,14.595
"Technology","Machines",369.16,32.3015
"Technology","Accessories",339.96,122.3856
"Technology","Phones",137.94,35.8644
"Technology","Accessories",40.68,-7.119
"Technology","Phones",110.376,12.4173
"Technology","Accessories",1319.8,214.4675
"Technology","Machines",341.991,-319.1916
"Technology","Accessories",119.98,35.994
"Technology","Accessories",989.97,395.988
"Technology","Phones",125.99,35.2772
"Technology","Phones",32.7,-6.54
"Technology","Phones",339.96,42.495
"Technology","Accessories",799.92,239.976
"Technology","Phones",35.984,4.498
"Technology","Accessories",389.97,132.5898
"Technology","Accessories",185.528,48.7011
"Technology","Machines",599.985,-479.988
"Technology","Accessories",46.36,15.2988
"Technology","Accessories",6.9,0.552
"Technology","Machines",559.71,-121.2705
"Technology","Machines",649,-272.58
"Technology","Accessories",72,12.96
"Technology","Phones",286.4,25.06
"Technology","Phones",979.95,264.5865
"Technology","Accessories",100.8,21.42
"Technology","Machines",1279.968,415.9896
"Technology","Phones",61.542,-13.3341
"Technology","Accessories",843.9,371.316
"Technology","Phones",73.568,-16.5528
"Technology","Accessories",111.79,43.5981
"Technology","Phones",445.44,-81.664
"Technology","Phones",251.964,-50.3928
"Technology","Phones",340.182,-73.7061
"Technology","Phones",257.98,74.8142
"Technology","Phones",149.95,41.986
"Technology","Phones",29.97,0.2997
"Technology","Accessories",23.84,3.278
"Technology","Accessories",99.98,7.9984
"Technology","Phones",156.792,17.6391
"Technology","Accessories",35.36,-3.094
"Technology","Accessories",379.96,47.495
"Technology","Phones",539.91,-116.9805
"Technology","Machines",449.1,-643.71
"Technology","Phones",1415.76,88.485
"Technology","Phones",148.48,16.704
"Technology","Phones",569.64,148.1064
"Technology","Copiers",639.968,215.9892
"Technology","Accessories",538.92,80.838
"Technology","Copiers",1499.95,449.985
"Technology","Phones",391.98,113.6742
"Technology","Phones",755.96,204.1092
"Technology","Accessories",2249.91,517.4793
"Technology","Phones",119.94,5.997
"Technology","Accessories",140.97,19.7358
"Technology","Phones",470.376,52.9173
"Technology","Phones",164.792,18.5391
"Technology","Phones",46.384,5.2182
"Technology","Phones",1889.946,-377.9892
"Technology","Accessories",146.45,48.3285
"Technology","Copiers",1399.98,629.991
"Technology","Phones",49.616,4.9616
"Technology","Phones",57.36,-14.34
"Technology","Phones",719.952,71.9952
"Technology","Phones",755.944,66.1451
"Technology","Phones",833.94,216.8244
"Technology","Accessories",63.824,13.5626
"Technology","Accessories",47.976,8.3958
"Technology","Accessories",236,40.12
"Technology","Accessories",41.94,15.0984
"Technology","Phones",52.792,4.6193
"Technology","Phones",3499.93,909.9818
"Technology","Phones",225.576,22.5576
"Technology","Machines",29.925,-21.945
"Technology","Accessories",55.92,16.776
"Technology","Phones",71.96,7.196
"Technology","Phones",539.92,47.243
"Technology","Accessories",23.344,-1.459
"Technology","Phones",251.944,88.1804
"Technology","Machines",703.71,-938.28
"Technology","Accessories",67.96,0.8495
"Technology","Machines",1299.99,-571.9956
"Technology","Accessories",119.448,-13.4379
"Technology","Copiers",5399.91,2591.9568
"Technology","Accessories",259.98,88.3932
"Technology","Accessories",23.472,4.9878
"Technology","Accessories",1687.8,742.632
"Technology","Phones",625.99,187.797
"Technology","Accessories",160,62.4
"Technology","Phones",319.968,35.9964
"Technology","Copiers",1199.98,467.9922
"Technology","Phones",209.97,58.7916
"Technology","Accessories",479.97,163.1898
"Technology","Accessories",40.776,0.5097
"Technology","Phones",87.8,32.925
"Technology","Accessories",40.776,0.5097
"Technology","Accessories",159.96,51.1872
"Technology","Accessories",431.976,-75.5958
"Technology","Phones",89.95,43.176
"Technology","Accessories",94.99,28.497
"Technology","Phones",35.12,13.17
"Technology","Phones",566.97,153.0819
"Technology","Accessories",25.488,4.779
"Technology","Phones",467.97,140.391
"Technology","Accessories",431.16,107.79
"Technology","Phones",43.6,12.208
"Technology","Phones",1039.728,90.9762
"Technology","Machines",4499.985,-6599.978
"Technology","Accessories",59.976,11.9952
"Technology","Phones",29.56,7.9812
"Technology","Accessories",39.984,-1.4994
"Technology","Phones",307.168,30.7168
"Technology","Phones",469.99,136.2971
"Technology","Phones",108.784,10.8784
"Technology","Phones",17.52,-3.504
"Technology","Accessories",149.97,52.4895
"Technology","Phones",508.768,38.1576
"Technology","Phones",311.976,38.997
"Technology","Phones",19.136,1.9136
"Technology","Phones",479.92,41.993
"Technology","Accessories",159.98,57.5928
"Technology","Phones",1871.88,561.564
"Technology","Accessories",52,23.4
"Technology","Phones",464,134.56
"Technology","Accessories",17.9,3.401
"Technology","Accessories",24,-2.7
"Technology","Accessories",76.752,10.5534
"Technology","Accessories",102.336,14.0712
"Technology","Accessories",399.98,171.9914
"Technology","Accessories",1.584,0.4752
"Technology","Machines",3404.5,1668.205
"Technology","Accessories",101.34,8.1072
"Technology","Accessories",59.98,10.7964
"Technology","Phones",383.96,38.396
"Technology","Accessories",2.97,1.3365
"Technology","Phones",569.99,170.997
"Technology","Phones",71.976,8.997
"Technology","Phones",861.76,249.9104
"Technology","Phones",7.992,2.6973
"Technology","Phones",15.992,-2.9985
"Technology","Phones",519.792,-112.6216
"Technology","Accessories",31.176,-5.4558
"Technology","Phones",659.97,197.991
"Technology","Phones",113.73,32.9817
"Technology","Phones",89.95,43.176
"Technology","Accessories",1.98,0.891
"Technology","Accessories",18.464,2.308
"Technology","Accessories",199.75,87.89
"Technology","Phones",263.96,76.5484
"Technology","Accessories",299.94,128.9742
"Technology","Phones",271.9,78.851
"Technology","Phones",125.944,15.743
"Technology","Accessories",120,13.2
"Technology","Phones",52.792,4.6193
"Technology","Accessories",19.99,6.7966
"Technology","Accessories",106.08,-9.282
"Technology","Accessories",33.18,11.613
"Technology","Accessories",63.88,24.9132
"Technology","Phones",43.176,15.1116
"Technology","Phones",263.96,71.2692
"Technology","Phones",359.97,100.7916
"Technology","Accessories",239.97,86.3892
"Technology","Accessories",75,18
"Technology","Accessories",234.95,32.893
"Technology","Accessories",26.85,5.1015
"Technology","Machines",3357.6,377.73
"Technology","Machines",2973.32,334.4985
"Technology","Phones",775.728,58.1796
"Technology","Phones",438.336,-87.6672
"Technology","Copiers",1079.976,125.9972
"Technology","Accessories",18.528,4.4004
"Technology","Accessories",41.94,15.0984
"Technology","Phones",159.968,-31.9936
"Technology","Copiers",13999.96,6719.9808
"Technology","Accessories",238,38.08
"Technology","Accessories",595,95.2
"Technology","Accessories",199.75,87.89
"Technology","Phones",307.98,89.3142
"Technology","Accessories",108.96,32.688
"Technology","Accessories",474.95,142.485
"Technology","Copiers",999.98,449.991
"Technology","Phones",110.97,-24.0435
"Technology","Accessories",89.568,-1.1196
"Technology","Phones",549.98,142.9948
"Technology","Machines",4643.8,2229.024
"Technology","Accessories",89.97,37.7874
"Technology","Accessories",357,57.12
"Technology","Phones",806.336,50.396
"Technology","Phones",743.988,-123.998
"Technology","Copiers",299.99,89.997
"Technology","Phones",242.624,27.2952
"Technology","Accessories",174.95,12.2465
"Technology","Phones",19.98,5.1948
"Technology","Phones",2003.168,250.396
"Technology","Machines",600.53,137.264
"Technology","Accessories",637.44,135.456
"Technology","Accessories",158.928,41.7186
"Technology","Phones",299.9,74.975
"Technology","Accessories",111.98,26.8752
"Technology","Accessories",1649.95,659.98
"Technology","Phones",73.584,8.2782
"Technology","Phones",2939.93,764.3818
"Technology","Phones",158.376,13.8579
"Technology","Accessories",7.88,2.5216
"Technology","Accessories",498,184.26
"Technology","Phones",209.5,58.66
"Technology","Phones",105.584,9.2386
"Technology","Accessories",217.44,91.3248
"Technology","Phones",751.984,84.5982
"Technology","Phones",604.768,60.4768
"Technology","Phones",84.784,-20.1362
"Technology","Accessories",59.97,14.9925
"Technology","Phones",137.94,35.8644
"Technology","Accessories",141.9,58.179
"Technology","Accessories",165.6,-6.21
"Technology","Accessories",199.98,87.9912
"Technology","Accessories",45,4.95
"Technology","Accessories",62.352,-10.9116
"Technology","Accessories",25.488,4.4604
"Technology","Phones",49.616,4.9616
"Technology","Phones",431.94,-71.99
"Technology","Phones",68.238,-12.5103
"Technology","Phones",1679.96,125.997
"Technology","Phones",222.384,22.2384
"Technology","Phones",302.376,22.6782
"Technology","Accessories",46.688,-2.918
"Technology","Accessories",45.408,11.9196
"Technology","Machines",1035.8,269.308
"Technology","Phones",35.98,10.0744
"Technology","Machines",8749.95,2799.984
"Technology","Copiers",479.976,161.9919
"Technology","Accessories",165.6,-6.21
"Technology","Accessories",479.97,177.5889
"Technology","Phones",15.984,1.1988
"Technology","Accessories",27.96,8.388
"Technology","Accessories",175.23,61.3305
"Technology","Phones",125.99,31.4975
"Technology","Phones",12.99,0.2598
"Technology","Phones",44.376,-7.396
"Technology","Accessories",159.984,43.9956
"Technology","Accessories",56.4,3.384
"Technology","Copiers",479.984,59.998
"Technology","Accessories",199.98,83.9916
"Technology","Accessories",39,17.55
"Technology","Copiers",719.976,134.9955
"Technology","Accessories",239.92,23.992
"Technology","Accessories",447.944,89.5888
"Technology","Phones",453.576,39.6879
"Technology","Phones",287.88,35.985
"Technology","Phones",131.88,14.8365
"Technology","Phones",67.176,6.7176
"Technology","Copiers",479.984,89.997
"Technology","Machines",998.85,-199.77
"Technology","Accessories",20.784,-3.6372
"Technology","Accessories",1287.45,244.6155
"Technology","Accessories",191.976,38.3952
"Technology","Phones",499.168,31.198
"Technology","Phones",475.944,59.493
"Technology","Accessories",30.08,-5.264
"Technology","Accessories",165.6,-6.21
"Technology","Phones",180.96,13.572
"Technology","Accessories",23.18,7.6494
"Technology","Accessories",82.95,29.0325
"Technology","Accessories",479.97,177.5889
"Technology","Accessories",111.96,-1.3995
"Technology","Accessories",90,16.2
"Technology","Accessories",399.95,143.982
"Technology","Accessories",199.98,75.9924
"Technology","Accessories",144.96,60.8832
"Technology","Accessories",118,20.06
"Technology","Phones",619.152,69.6546
"Technology","Machines",11.56,3.757
"Technology","Accessories",159.56,33.9065
"Technology","Accessories",47.79,16.2486
"Technology","Accessories",21.21,4.4541
"Technology","Phones",259.896,-56.3108
"Technology","Phones",247.188,-49.4376
"Technology","Accessories",279.96,48.993
"Technology","Accessories",450,162
"Technology","Phones",239.976,26.9973
"Technology","Phones",2239.936,223.9936
"Technology","Phones",115.136,11.5136
"Technology","Phones",79.968,-17.9928
"Technology","Phones",71.952,5.3964
"Technology","Accessories",4.728,0.7092
"Technology","Accessories",72.744,-12.7302
"Technology","Accessories",1287.45,244.6155
"Technology","Phones",83.988,-20.997
"Technology","Accessories",53.04,-4.641
"Technology","Machines",239.984,38.9974
"Technology","Phones",133.98,33.495
"Technology","Phones",177.48,19.9665
"Technology","Accessories",288,57.6
"Technology","Phones",146.952,9.1845
"Technology","Phones",195.96,19.596
"Technology","Accessories",271.968,54.3936
"Technology","Phones",537.544,47.0351
"Technology","Phones",583.8,72.975
"Technology","Phones",211.168,15.8376
"Technology","Phones",1294.75,336.635
"Technology","Copiers",1799.97,239.996
"Technology","Phones",221.98,62.1544
"Technology","Accessories",34.77,11.4741
"Technology","Phones",118.65,19.775
"Technology","Phones",307.98,89.3142
"Technology","Copiers",959.984,311.9948
"Technology","Phones",89.9,25.172
"Technology","Accessories",299.97,131.9868
"Technology","Accessories",89.97,39.5868
"Technology","Accessories",31.86,11.151
"Technology","Phones",74.24,8.352
"Technology","Accessories",617.976,-7.7247
"Technology","Accessories",209.94,39.8886
"Technology","Phones",31.984,-7.996
"Technology","Phones",35.96,3.596
"Technology","Phones",11.12,3.475
"Technology","Machines",686.4,77.22
"Technology","Machines",101.994,-71.3958
"Technology","Machines",480,225.6
"Technology","Accessories",239.97,86.3892
"Technology","Accessories",50.12,-0.6265
"Technology","Phones",15.984,1.3986
"Technology","Phones",449.97,220.4853
"Technology","Phones",165.6,10.35
"Technology","Phones",494.97,148.491
"Technology","Accessories",30.84,6.168
"Technology","Phones",66.976,6.6976
"Technology","Accessories",95.976,15.5961
"Technology","Phones",143.928,-32.3838
"Technology","Accessories",159.98,57.5928
"Technology","Phones",52.68,19.755
"Technology","Phones",1439.968,143.9968
"Technology","Phones",239.976,17.9982
"Technology","Accessories",29.34,10.8558
"Technology","Accessories",1119.888,209.979
"Technology","Phones",135.984,16.998
"Technology","Machines",179.991,-251.9874
"Technology","Accessories",46.864,7.6154
"Technology","Machines",120,-7.2
"Technology","Phones",299.96,37.495
"Technology","Accessories",89.97,18.8937
"Technology","Accessories",72,14.4
"Technology","Phones",151.188,-25.198
"Technology","Accessories",47.496,-1.1874
"Technology","Phones",105.584,9.2386
"Technology","Copiers",4899.93,2302.9671
"Technology","Accessories",104.75,21.9975
"Technology","Accessories",18.528,4.4004
"Technology","Phones",35.184,12.3144
"Technology","Accessories",5.95,0.833
"Technology","Accessories",239.94,26.3934
"Technology","Accessories",100.8,21.42
"Technology","Accessories",99.98,7.9984
"Technology","Accessories",20.97,9.0171
"Technology","Accessories",139.96,9.7972
"Technology","Accessories",108.768,2.7192
"Technology","Phones",55.176,-12.4146
"Technology","Accessories",479.97,163.1898
"Technology","Accessories",189.95,45.588
"Technology","Accessories",149.95,31.4895
"Technology","Phones",28.784,2.8784
"Technology","Accessories",21.98,8.5722
"Technology","Accessories",23.08,6.924
"Technology","Phones",90.48,23.5248
"Technology","Accessories",279.95,67.188
"Technology","Accessories",89.97,18.8937
"Technology","Phones",143.952,17.994
"Technology","Phones",246.168,21.5397
"Technology","Phones",299.98,83.9944
"Technology","Phones",41.9,11.732
"Technology","Phones",369.544,27.7158
"Technology","Accessories",791.88,128.6805
"Technology","Machines",287.91,33.5895
"Technology","Accessories",207.984,36.3972
"Technology","Accessories",22.96,4.3624
"Technology","Phones",623.96,38.9975
"Technology","Phones",429.6,-93.08
"Technology","Phones",555.96,41.697
"Technology","Phones",180.96,13.572
"Technology","Accessories",475.944,95.1888
"Technology","Accessories",159.98,47.994
"Technology","Phones",43.6,12.208
"Technology","Phones",1123.128,70.1955
"Technology","Accessories",99.98,42.9914
"Technology","Accessories",23.2,1.45
"Technology","Accessories",255.42,104.7222
"Technology","Accessories",2.376,0.7425
"Technology","Machines",4476.8,503.64
"Technology","Phones",71.976,8.997
"Technology","Phones",13.98,3.9144
"Technology","Phones",707.88,44.2425
"Technology","Accessories",55.76,7.8064
"Technology","Accessories",21.728,3.8024
"Technology","Phones",344.704,38.7792
"Technology","Accessories",102.24,-16.614
"Technology","Phones",1432,125.3
"Technology","Accessories",39.816,7.4655
"Technology","Phones",1091.168,68.198
"Technology","Phones",881.93,220.4825
"Technology","Accessories",199.95,63.984
"Technology","Phones",631.96,303.3408
"Technology","Accessories",47.92,11.98
"Technology","Accessories",41.424,8.2848
"Technology","Phones",244.768,24.4768
"Technology","Phones",97.968,6.123
"Technology","Accessories",45.48,15.918
"Technology","Phones",118.782,-27.7158
"Technology","Accessories",47.904,-2.994
"Technology","Phones",455.712,34.1784
"Technology","Phones",859.2,75.18
"Technology","Phones",117.576,11.7576
"Technology","Phones",57.594,-11.5188
"Technology","Phones",419.944,52.493
"Technology","Accessories",50,10.5
"Technology","Accessories",31.8,13.674
"Technology","Phones",7.992,2.5974
"Technology","Phones",629.95,157.4875
"Technology","Phones",1349.91,661.4559
"Technology","Machines",574.91,156.047
"Technology","Accessories",1071,171.36
"Technology","Phones",249.584,15.599
"Technology","Phones",604.752,60.4752
"Technology","Phones",302.376,37.797
"Technology","Accessories",45,4.95
"Technology","Phones",1099.96,82.497
"Technology","Accessories",30.08,-5.264
"Technology","Accessories",252.8,-31.6
"Technology","Phones",285.576,-57.1152
"Technology","Phones",219.184,19.1786
"Technology","Phones",95.84,34.742
"Technology","Phones",36.784,-8.2764
"Technology","Machines",91.475,-1.8295
"Technology","Accessories",27.192,0.3399
"Technology","Phones",15.992,-2.9985
"Technology","Phones",321.552,20.097
"Technology","Phones",99.98,3.9992
"Technology","Accessories",319.984,91.9954
"Technology","Phones",572.8,50.12
"Technology","Accessories",120,46.8
"Technology","Phones",1091.93,272.9825
"Technology","Accessories",1649.75,544.4175
"Technology","Phones",26.982,4.0473
"Technology","Phones",323.976,36.4473
"Technology","Phones",31.176,-7.0146
"Technology","Accessories",1.98,0.891
"Technology","Accessories",151.96,36.4704
"Technology","Accessories",132.52,34.7865
"Technology","Accessories",431.976,-75.5958
"Technology","Machines",224.937,-164.9538
"Technology","Phones",79.96,22.3888
"Technology","Machines",399.54,-79.908
"Technology","Phones",1079.85,323.955
"Technology","Phones",110.352,8.2764
"Technology","Accessories",70.72,-6.188
"Technology","Phones",239.984,23.9984
"Technology","Accessories",102.13,15.3195
"Technology","Copiers",899.982,74.9985
"Technology","Accessories",139.96,-1.7495
"Technology","Accessories",3.152,0.4728
"Technology","Phones",179.7,88.053
"Technology","Accessories",177,30.09
"Technology","Accessories",89.544,12.3123
"Technology","Phones",281.97,78.9516
"Technology","Accessories",95.984,11.998
"Technology","Phones",3023.928,226.7946
"Technology","Accessories",26.96,3.7744
"Technology","Phones",477.6,161.19
"Technology","Phones",22,1.375
"Technology","Phones",1499.97,-374.9925
"Technology","Phones",668.16,75.168
"Technology","Accessories",16.59,5.8065
"Technology","Phones",503.96,125.99
"Technology","Phones",196.776,14.7582
"Technology","Accessories",51.56,-6.445
"Technology","Accessories",58.416,16.7946
"Technology","Phones",79.96,7.996
"Technology","Accessories",223.96,11.198
"Technology","Accessories",89.97,39.5868
"Technology","Accessories",89.97,37.7874
"Technology","Phones",979.95,284.1855
"Technology","Phones",269.98,72.8946
"Technology","Accessories",159.98,57.5928
"Technology","Phones",206.1,55.647
"Technology","Accessories",239.97,86.3892
"Technology","Phones",139.8,12.2325
"Technology","Phones",135.95,39.4255
"Technology","Accessories",431.136,-26.946
"Technology","Phones",437.85,131.355
"Technology","Accessories",39.992,6.9986
"Technology","Phones",235.188,-43.1178
"Technology","Phones",26.376,2.6376
"Technology","Accessories",10.384,2.2066
"Technology","Phones",107.118,-21.4236
"Technology","Phones",135.99,36.7173
"Technology","Accessories",319.968,95.9904
"Technology","Accessories",895.944,190.3881
"Technology","Copiers",479.976,161.9919
"Technology","Phones",44.736,4.4736
"Technology","Phones",67.8,1.356
"Technology","Accessories",12.12,2.5452
"Technology","Accessories",159.8,70.312
"Technology","Phones",122.382,-24.4764
"Technology","Accessories",272.61,98.1396
"Technology","Accessories",62.31,22.4316
"Technology","Accessories",159.98,57.5928
"Technology","Accessories",79.99,28.7964
"Technology","Accessories",124.25,48.4575
"Technology","Phones",297.55,83.314
"Technology","Accessories",153.824,38.456
"Technology","Accessories",127.984,25.5968
"Technology","Accessories",191.968,28.7952
"Technology","Phones",199.98,53.9946
"Technology","Copiers",2799.96,944.9865
"Technology","Phones",164.85,47.8065
"Technology","Accessories",223.58,87.1962
"Technology","Accessories",151.2,32.13
"Technology","Accessories",83.97,15.9543
"Technology","Accessories",39.89,14.7593
"Technology","Accessories",18,3.24
"Technology","Phones",271.96,27.196
"Technology","Phones",249.584,31.198
"Technology","Phones",97.98,27.4344
"Technology","Accessories",36.24,15.2208
"Technology","Accessories",79.99,28.7964
"Technology","Phones",206.1,55.647
"Technology","Phones",258.576,19.3932
